path,title,kind,paper_slug,file_uri
index.html,论文与数据集主目录,catalog,,file:///mnt/workspace/private/ztsong/day-long-mem/index.html
datasets/egolife/overview.html,EgoLife · 数据概览,overview,egolife,file:///mnt/workspace/private/ztsong/day-long-mem/datasets/egolife/overview.html
overview.html,EgoLife · 原详细 overview,overview,egolife,file:///mnt/workspace/private/ztsong/day-long-mem/overview.html
datasets/m3-agent/overview.html,M3-Agent / M3-Bench：机器人与网络视频 · 数据概览,overview,m3-agent,file:///mnt/workspace/private/ztsong/day-long-mem/datasets/m3-agent/overview.html
datasets/worldmm/overview.html,WorldMM：五个既有长视频基准 · 数据概览,overview,worldmm,file:///mnt/workspace/private/ztsong/day-long-mem/datasets/worldmm/overview.html
datasets/mm-lifelong/overview.html,MM-Lifelong / ReMA：日、周、月 · 数据概览,overview,mm-lifelong,file:///mnt/workspace/private/ztsong/day-long-mem/datasets/mm-lifelong/overview.html
datasets/egagent/overview.html,EGAgent：EgoLife 与 Video-MME · 数据概览,overview,egagent,file:///mnt/workspace/private/ztsong/day-long-mem/datasets/egagent/overview.html
datasets/magic-video/overview.html,MAGIC-Video：EgoLife 与 MM-Lifelong · 数据概览,overview,magic-video,file:///mnt/workspace/private/ztsong/day-long-mem/datasets/magic-video/overview.html
datasets/ella/overview.html,Ella — Embodied Social Agents with Lifelong Memory · 数据概览,overview,ella,file:///mnt/workspace/private/ztsong/day-long-mem/datasets/ella/overview.html
datasets/egomem/overview.html,EgoMem — Full-duplex Lifelong Memory Agent · 数据概览,overview,egomem,file:///mnt/workspace/private/ztsong/day-long-mem/datasets/egomem/overview.html
datasets/supermemory-vqa/overview.html,SuperMemory-VQA · 数据概览,overview,supermemory-vqa,file:///mnt/workspace/private/ztsong/day-long-mem/datasets/supermemory-vqa/overview.html
datasets/smb/overview.html,SMB — Spatial Memory Benchmark / LTE · 数据概览,overview,smb,file:///mnt/workspace/private/ztsong/day-long-mem/datasets/smb/overview.html
datasets/halo/overview.html,HALO / ReMemBench · 数据概览,overview,halo,file:///mnt/workspace/private/ztsong/day-long-mem/datasets/halo/overview.html
datasets/memer/overview.html,MemER: Scaling Up Memory for Robot Control via Experience Retrieval · 数据概览,overview,memer,file:///mnt/workspace/private/ztsong/day-long-mem/datasets/memer/overview.html
datasets/silverware/overview.html,Break Out the Silverware / Stored Household Item Challenge · 数据概览,overview,silverware,file:///mnt/workspace/private/ztsong/day-long-mem/datasets/silverware/overview.html
datasets/fetchbench/overview.html,FetchBench · 数据概览,overview,fetchbench,file:///mnt/workspace/private/ztsong/day-long-mem/datasets/fetchbench/overview.html
datasets/roomr/overview.html,Visual Room Rearrangement / RoomR · 数据概览,overview,roomr,file:///mnt/workspace/private/ztsong/day-long-mem/datasets/roomr/overview.html
datasets/behavior-1k/overview.html,BEHAVIOR-1K / 2026 Challenge Demonstrations · 数据概览,overview,behavior-1k,file:///mnt/workspace/private/ztsong/day-long-mem/datasets/behavior-1k/overview.html
datasets/robocasa365/overview.html,RoboCasa365 · 数据概览,overview,robocasa365,file:///mnt/workspace/private/ztsong/day-long-mem/datasets/robocasa365/overview.html
datasets/hd-epic/overview.html,HD-EPIC · 数据概览,overview,hd-epic,file:///mnt/workspace/private/ztsong/day-long-mem/datasets/hd-epic/overview.html
datasets/ego4d/overview.html,Ego4D — Episodic Memory · 数据概览,overview,ego4d,file:///mnt/workspace/private/ztsong/day-long-mem/datasets/ego4d/overview.html
datasets/rmbench/overview.html,RMBench / Mem-0 · 数据概览,overview,rmbench,file:///mnt/workspace/private/ztsong/day-long-mem/datasets/rmbench/overview.html
datasets/robodojo/overview.html,RoboDojo · 数据概览,overview,robodojo,file:///mnt/workspace/private/ztsong/day-long-mem/datasets/robodojo/overview.html
datasets/videowebarena/overview.html,VideoWebArena：视频记忆与网页智能体基准 · 数据概览,overview,videowebarena,file:///mnt/workspace/private/ztsong/day-long-mem/datasets/videowebarena/overview.html
datasets/mmlongbench/overview.html,MMLongBench：长上下文图文评测基准 · 数据概览,overview,mmlongbench,file:///mnt/workspace/private/ztsong/day-long-mem/datasets/mmlongbench/overview.html
datasets/cg-bench/overview.html,CG-Bench：长视频证据检索与问答基准 · 数据概览,overview,cg-bench,file:///mnt/workspace/private/ztsong/day-long-mem/datasets/cg-bench/overview.html
datasets/longvale/overview.html,LongVALE：音视频语言事件基准 · 数据概览,overview,longvale,file:///mnt/workspace/private/ztsong/day-long-mem/datasets/longvale/overview.html
datasets/video-mmmu/overview.html,Video-MMMU：视频知识获取与迁移基准 · 数据概览,overview,video-mmmu,file:///mnt/workspace/private/ztsong/day-long-mem/datasets/video-mmmu/overview.html
datasets/vsi-bench/overview.html,VSI-Bench：视觉空间记忆基准 · 数据概览,overview,vsi-bench,file:///mnt/workspace/private/ztsong/day-long-mem/datasets/vsi-bench/overview.html
datasets/vrbench/overview.html,VRBench：长叙事视频多步推理基准 · 数据概览,overview,vrbench,file:///mnt/workspace/private/ztsong/day-long-mem/datasets/vrbench/overview.html
datasets/video-mmlu/overview.html,Video-MMLU：短视频知识理解评测 · 数据概览,overview,video-mmlu,file:///mnt/workspace/private/ztsong/day-long-mem/datasets/video-mmlu/overview.html
datasets/lv-haystack/overview.html,LV-Haystack / T*：长视频关键帧检索基准 · 数据概览,overview,lv-haystack,file:///mnt/workspace/private/ztsong/day-long-mem/datasets/lv-haystack/overview.html
datasets/mem-gallery/overview.html,Mem-Gallery：长期多模态会话记忆基准 · 数据概览,overview,mem-gallery,file:///mnt/workspace/private/ztsong/day-long-mem/datasets/mem-gallery/overview.html
datasets/mikasa-robo/overview.html,MIKASA / MIKASA-Robo · 数据概览,overview,mikasa-robo,file:///mnt/workspace/private/ztsong/day-long-mem/datasets/mikasa-robo/overview.html
datasets/embodiedeval/overview.html,EmbodiedEval · 数据概览,overview,embodiedeval,file:///mnt/workspace/private/ztsong/day-long-mem/datasets/embodiedeval/overview.html
datasets/lsdbench/overview.html,LSDBench · 数据概览,overview,lsdbench,file:///mnt/workspace/private/ztsong/day-long-mem/datasets/lsdbench/overview.html
datasets/streamingbench/overview.html,StreamingBench · 数据概览,overview,streamingbench,file:///mnt/workspace/private/ztsong/day-long-mem/datasets/streamingbench/overview.html
datasets/ovo-bench/overview.html,OVO-Bench · 数据概览,overview,ovo-bench,file:///mnt/workspace/private/ztsong/day-long-mem/datasets/ovo-bench/overview.html
datasets/hourvideo/overview.html,HourVideo · 数据概览,overview,hourvideo,file:///mnt/workspace/private/ztsong/day-long-mem/datasets/hourvideo/overview.html
datasets/longdocurl/overview.html,LongDocURL · 数据概览,overview,longdocurl,file:///mnt/workspace/private/ztsong/day-long-mem/datasets/longdocurl/overview.html
datasets/mmdocir/overview.html,MMDocIR · 数据概览,overview,mmdocir,file:///mnt/workspace/private/ztsong/day-long-mem/datasets/mmdocir/overview.html
datasets/m3docvqa/overview.html,M3DocVQA / M3DocRAG · 数据概览,overview,m3docvqa,file:///mnt/workspace/private/ztsong/day-long-mem/datasets/m3docvqa/overview.html
datasets/neptune/overview.html,Neptune · 数据概览,overview,neptune,file:///mnt/workspace/private/ztsong/day-long-mem/datasets/neptune/overview.html
datasets/egolife/preview_gallery.html,EgoLife · 视频预览,gallery,egolife,file:///mnt/workspace/private/ztsong/day-long-mem/datasets/egolife/preview_gallery.html
preview_gallery.html,EgoLife · 原离线图册,gallery,egolife,file:///mnt/workspace/private/ztsong/day-long-mem/preview_gallery.html
datasets/m3-agent/preview_gallery.html,M3-Agent / M3-Bench：机器人与网络视频 · 视频预览,gallery,m3-agent,file:///mnt/workspace/private/ztsong/day-long-mem/datasets/m3-agent/preview_gallery.html
datasets/worldmm/preview_gallery.html,WorldMM：五个既有长视频基准 · 视频预览,gallery,worldmm,file:///mnt/workspace/private/ztsong/day-long-mem/datasets/worldmm/preview_gallery.html
datasets/mm-lifelong/preview_gallery.html,MM-Lifelong / ReMA：日、周、月 · 视频预览,gallery,mm-lifelong,file:///mnt/workspace/private/ztsong/day-long-mem/datasets/mm-lifelong/preview_gallery.html
datasets/egagent/preview_gallery.html,EGAgent：EgoLife 与 Video-MME · 视频预览,gallery,egagent,file:///mnt/workspace/private/ztsong/day-long-mem/datasets/egagent/preview_gallery.html
datasets/magic-video/preview_gallery.html,MAGIC-Video：EgoLife 与 MM-Lifelong · 视频预览,gallery,magic-video,file:///mnt/workspace/private/ztsong/day-long-mem/datasets/magic-video/preview_gallery.html
datasets/ella/preview_gallery.html,Ella — Embodied Social Agents with Lifelong Memory · 视频预览,gallery,ella,file:///mnt/workspace/private/ztsong/day-long-mem/datasets/ella/preview_gallery.html
datasets/egomem/preview_gallery.html,EgoMem — Full-duplex Lifelong Memory Agent · 视频预览,gallery,egomem,file:///mnt/workspace/private/ztsong/day-long-mem/datasets/egomem/preview_gallery.html
datasets/supermemory-vqa/preview_gallery.html,SuperMemory-VQA · 视频预览,gallery,supermemory-vqa,file:///mnt/workspace/private/ztsong/day-long-mem/datasets/supermemory-vqa/preview_gallery.html
datasets/smb/preview_gallery.html,SMB — Spatial Memory Benchmark / LTE · 视频预览,gallery,smb,file:///mnt/workspace/private/ztsong/day-long-mem/datasets/smb/preview_gallery.html
datasets/halo/preview_gallery.html,HALO / ReMemBench · 视频预览,gallery,halo,file:///mnt/workspace/private/ztsong/day-long-mem/datasets/halo/preview_gallery.html
datasets/memer/preview_gallery.html,MemER: Scaling Up Memory for Robot Control via Experience Retrieval · 视频预览,gallery,memer,file:///mnt/workspace/private/ztsong/day-long-mem/datasets/memer/preview_gallery.html
datasets/silverware/preview_gallery.html,Break Out the Silverware / Stored Household Item Challenge · 视频预览,gallery,silverware,file:///mnt/workspace/private/ztsong/day-long-mem/datasets/silverware/preview_gallery.html
datasets/fetchbench/preview_gallery.html,FetchBench · 视频预览,gallery,fetchbench,file:///mnt/workspace/private/ztsong/day-long-mem/datasets/fetchbench/preview_gallery.html
datasets/roomr/preview_gallery.html,Visual Room Rearrangement / RoomR · 视频预览,gallery,roomr,file:///mnt/workspace/private/ztsong/day-long-mem/datasets/roomr/preview_gallery.html
datasets/behavior-1k/preview_gallery.html,BEHAVIOR-1K / 2026 Challenge Demonstrations · 视频预览,gallery,behavior-1k,file:///mnt/workspace/private/ztsong/day-long-mem/datasets/behavior-1k/preview_gallery.html
datasets/robocasa365/preview_gallery.html,RoboCasa365 · 视频预览,gallery,robocasa365,file:///mnt/workspace/private/ztsong/day-long-mem/datasets/robocasa365/preview_gallery.html
datasets/hd-epic/preview_gallery.html,HD-EPIC · 视频预览,gallery,hd-epic,file:///mnt/workspace/private/ztsong/day-long-mem/datasets/hd-epic/preview_gallery.html
datasets/ego4d/preview_gallery.html,Ego4D — Episodic Memory · 视频预览,gallery,ego4d,file:///mnt/workspace/private/ztsong/day-long-mem/datasets/ego4d/preview_gallery.html
datasets/rmbench/preview_gallery.html,RMBench / Mem-0 · 视频预览,gallery,rmbench,file:///mnt/workspace/private/ztsong/day-long-mem/datasets/rmbench/preview_gallery.html
datasets/robodojo/preview_gallery.html,RoboDojo · 视频预览,gallery,robodojo,file:///mnt/workspace/private/ztsong/day-long-mem/datasets/robodojo/preview_gallery.html
datasets/videowebarena/preview_gallery.html,VideoWebArena：视频记忆与网页智能体基准 · 视频预览,gallery,videowebarena,file:///mnt/workspace/private/ztsong/day-long-mem/datasets/videowebarena/preview_gallery.html
datasets/mmlongbench/preview_gallery.html,MMLongBench：长上下文图文评测基准 · 视频预览,gallery,mmlongbench,file:///mnt/workspace/private/ztsong/day-long-mem/datasets/mmlongbench/preview_gallery.html
datasets/cg-bench/preview_gallery.html,CG-Bench：长视频证据检索与问答基准 · 视频预览,gallery,cg-bench,file:///mnt/workspace/private/ztsong/day-long-mem/datasets/cg-bench/preview_gallery.html
datasets/longvale/preview_gallery.html,LongVALE：音视频语言事件基准 · 视频预览,gallery,longvale,file:///mnt/workspace/private/ztsong/day-long-mem/datasets/longvale/preview_gallery.html
datasets/video-mmmu/preview_gallery.html,Video-MMMU：视频知识获取与迁移基准 · 视频预览,gallery,video-mmmu,file:///mnt/workspace/private/ztsong/day-long-mem/datasets/video-mmmu/preview_gallery.html
datasets/vsi-bench/preview_gallery.html,VSI-Bench：视觉空间记忆基准 · 视频预览,gallery,vsi-bench,file:///mnt/workspace/private/ztsong/day-long-mem/datasets/vsi-bench/preview_gallery.html
datasets/vrbench/preview_gallery.html,VRBench：长叙事视频多步推理基准 · 视频预览,gallery,vrbench,file:///mnt/workspace/private/ztsong/day-long-mem/datasets/vrbench/preview_gallery.html
datasets/video-mmlu/preview_gallery.html,Video-MMLU：短视频知识理解评测 · 视频预览,gallery,video-mmlu,file:///mnt/workspace/private/ztsong/day-long-mem/datasets/video-mmlu/preview_gallery.html
datasets/lv-haystack/preview_gallery.html,LV-Haystack / T*：长视频关键帧检索基准 · 视频预览,gallery,lv-haystack,file:///mnt/workspace/private/ztsong/day-long-mem/datasets/lv-haystack/preview_gallery.html
datasets/mem-gallery/preview_gallery.html,Mem-Gallery：长期多模态会话记忆基准 · 视频预览,gallery,mem-gallery,file:///mnt/workspace/private/ztsong/day-long-mem/datasets/mem-gallery/preview_gallery.html
datasets/mikasa-robo/preview_gallery.html,MIKASA / MIKASA-Robo · 视频预览,gallery,mikasa-robo,file:///mnt/workspace/private/ztsong/day-long-mem/datasets/mikasa-robo/preview_gallery.html
datasets/embodiedeval/preview_gallery.html,EmbodiedEval · 视频预览,gallery,embodiedeval,file:///mnt/workspace/private/ztsong/day-long-mem/datasets/embodiedeval/preview_gallery.html
datasets/lsdbench/preview_gallery.html,LSDBench · 视频预览,gallery,lsdbench,file:///mnt/workspace/private/ztsong/day-long-mem/datasets/lsdbench/preview_gallery.html
datasets/streamingbench/preview_gallery.html,StreamingBench · 视频预览,gallery,streamingbench,file:///mnt/workspace/private/ztsong/day-long-mem/datasets/streamingbench/preview_gallery.html
datasets/ovo-bench/preview_gallery.html,OVO-Bench · 视频预览,gallery,ovo-bench,file:///mnt/workspace/private/ztsong/day-long-mem/datasets/ovo-bench/preview_gallery.html
datasets/hourvideo/preview_gallery.html,HourVideo · 视频预览,gallery,hourvideo,file:///mnt/workspace/private/ztsong/day-long-mem/datasets/hourvideo/preview_gallery.html
datasets/longdocurl/preview_gallery.html,LongDocURL · 视频预览,gallery,longdocurl,file:///mnt/workspace/private/ztsong/day-long-mem/datasets/longdocurl/preview_gallery.html
datasets/mmdocir/preview_gallery.html,MMDocIR · 视频预览,gallery,mmdocir,file:///mnt/workspace/private/ztsong/day-long-mem/datasets/mmdocir/preview_gallery.html
datasets/m3docvqa/preview_gallery.html,M3DocVQA / M3DocRAG · 视频预览,gallery,m3docvqa,file:///mnt/workspace/private/ztsong/day-long-mem/datasets/m3docvqa/preview_gallery.html
datasets/neptune/preview_gallery.html,Neptune · 视频预览,gallery,neptune,file:///mnt/workspace/private/ztsong/day-long-mem/datasets/neptune/preview_gallery.html
research_overview.html,新增 benchmark · 筛选与对比,other,research,file:///mnt/workspace/private/ztsong/day-long-mem/research_overview.html
sources/egolife_blog_current.html,egolife / egolife blog current,source,egolife,file:///mnt/workspace/private/ztsong/day-long-mem/sources/egolife_blog_current.html
sources/official_blog.html,egolife / official blog,source,egolife,file:///mnt/workspace/private/ztsong/day-long-mem/sources/official_blog.html
sources/official_home.html,egolife / official home,source,egolife,file:///mnt/workspace/private/ztsong/day-long-mem/sources/official_home.html
sources/paper_arxiv_v3.html,egolife / paper arxiv v3,source,egolife,file:///mnt/workspace/private/ztsong/day-long-mem/sources/paper_arxiv_v3.html
sources/third_person_listing.html,egolife / third person listing,source,egolife,file:///mnt/workspace/private/ztsong/day-long-mem/sources/third_person_listing.html
sources/third_person_share.html,egolife / third person share,source,egolife,file:///mnt/workspace/private/ztsong/day-long-mem/sources/third_person_share.html
sources/worldmm_home.html,egolife / worldmm home,source,egolife,file:///mnt/workspace/private/ztsong/day-long-mem/sources/worldmm_home.html
datasets/m3-agent/sources/paper.html,m3-agent / paper,source,m3-agent,file:///mnt/workspace/private/ztsong/day-long-mem/datasets/m3-agent/sources/paper.html
datasets/m3-agent/sources/paper_abs.html,m3-agent / paper abs,source,m3-agent,file:///mnt/workspace/private/ztsong/day-long-mem/datasets/m3-agent/sources/paper_abs.html
datasets/m3-agent/sources/project.html,m3-agent / project,source,m3-agent,file:///mnt/workspace/private/ztsong/day-long-mem/datasets/m3-agent/sources/project.html
datasets/worldmm/sources/paper.html,worldmm / paper,source,worldmm,file:///mnt/workspace/private/ztsong/day-long-mem/datasets/worldmm/sources/paper.html
datasets/worldmm/sources/project.html,worldmm / project,source,worldmm,file:///mnt/workspace/private/ztsong/day-long-mem/datasets/worldmm/sources/project.html
datasets/mm-lifelong/sources/paper.html,mm-lifelong / paper,source,mm-lifelong,file:///mnt/workspace/private/ztsong/day-long-mem/datasets/mm-lifelong/sources/paper.html
datasets/egagent/sources/paper.html,egagent / paper,source,egagent,file:///mnt/workspace/private/ztsong/day-long-mem/datasets/egagent/sources/paper.html
datasets/egagent/sources/project.html,egagent / project,source,egagent,file:///mnt/workspace/private/ztsong/day-long-mem/datasets/egagent/sources/project.html
datasets/magic-video/sources/paper.html,magic-video / paper,source,magic-video,file:///mnt/workspace/private/ztsong/day-long-mem/datasets/magic-video/sources/paper.html
datasets/ella/sources/home.html,ella / home,source,ella,file:///mnt/workspace/private/ztsong/day-long-mem/datasets/ella/sources/home.html
datasets/ella/sources/paper.html,ella / paper,source,ella,file:///mnt/workspace/private/ztsong/day-long-mem/datasets/ella/sources/paper.html
datasets/egomem/sources/demo.html,egomem / demo,source,egomem,file:///mnt/workspace/private/ztsong/day-long-mem/datasets/egomem/sources/demo.html
datasets/egomem/sources/paper.html,egomem / paper,source,egomem,file:///mnt/workspace/private/ztsong/day-long-mem/datasets/egomem/sources/paper.html
datasets/smb/sources/paper.html,smb / paper,source,smb,file:///mnt/workspace/private/ztsong/day-long-mem/datasets/smb/sources/paper.html
datasets/halo/sources/paper.html,halo / paper,source,halo,file:///mnt/workspace/private/ztsong/day-long-mem/datasets/halo/sources/paper.html
datasets/halo/sources/project.html,halo / project,source,halo,file:///mnt/workspace/private/ztsong/day-long-mem/datasets/halo/sources/project.html
datasets/memer/sources/paper.html,memer / paper,source,memer,file:///mnt/workspace/private/ztsong/day-long-mem/datasets/memer/sources/paper.html
datasets/memer/sources/project.html,memer / project,source,memer,file:///mnt/workspace/private/ztsong/day-long-mem/datasets/memer/sources/project.html
datasets/silverware/sources/paper.html,silverware / paper,source,silverware,file:///mnt/workspace/private/ztsong/day-long-mem/datasets/silverware/sources/paper.html
datasets/fetchbench/sources/paper.html,fetchbench / paper,source,fetchbench,file:///mnt/workspace/private/ztsong/day-long-mem/datasets/fetchbench/sources/paper.html
datasets/roomr/sources/cvf_page.html,roomr / cvf page,source,roomr,file:///mnt/workspace/private/ztsong/day-long-mem/datasets/roomr/sources/cvf_page.html
datasets/roomr/sources/project.html,roomr / project,source,roomr,file:///mnt/workspace/private/ztsong/day-long-mem/datasets/roomr/sources/project.html
datasets/behavior-1k/sources/challenge_dataset.html,behavior-1k / challenge dataset,source,behavior-1k,file:///mnt/workspace/private/ztsong/day-long-mem/datasets/behavior-1k/sources/challenge_dataset.html
datasets/behavior-1k/sources/paper.html,behavior-1k / paper,source,behavior-1k,file:///mnt/workspace/private/ztsong/day-long-mem/datasets/behavior-1k/sources/paper.html
datasets/behavior-1k/sources/project.html,behavior-1k / project,source,behavior-1k,file:///mnt/workspace/private/ztsong/day-long-mem/datasets/behavior-1k/sources/project.html
datasets/robocasa365/sources/paper.html,robocasa365 / paper,source,robocasa365,file:///mnt/workspace/private/ztsong/day-long-mem/datasets/robocasa365/sources/paper.html
datasets/robocasa365/sources/project.html,robocasa365 / project,source,robocasa365,file:///mnt/workspace/private/ztsong/day-long-mem/datasets/robocasa365/sources/project.html
datasets/hd-epic/sources/data_bris.html,hd-epic / data bris,source,hd-epic,file:///mnt/workspace/private/ztsong/day-long-mem/datasets/hd-epic/sources/data_bris.html
datasets/hd-epic/sources/home.html,hd-epic / home,source,hd-epic,file:///mnt/workspace/private/ztsong/day-long-mem/datasets/hd-epic/sources/home.html
datasets/hd-epic/sources/paper.html,hd-epic / paper,source,hd-epic,file:///mnt/workspace/private/ztsong/day-long-mem/datasets/hd-epic/sources/paper.html
datasets/hd-epic/sources/site.html,hd-epic / site,source,hd-epic,file:///mnt/workspace/private/ztsong/day-long-mem/datasets/hd-epic/sources/site.html
datasets/ego4d/sources/episodic.html,ego4d / episodic,source,ego4d,file:///mnt/workspace/private/ztsong/day-long-mem/datasets/ego4d/sources/episodic.html
datasets/ego4d/sources/home.html,ego4d / home,source,ego4d,file:///mnt/workspace/private/ztsong/day-long-mem/datasets/ego4d/sources/home.html
datasets/ego4d/sources/paper.html,ego4d / paper,source,ego4d,file:///mnt/workspace/private/ztsong/day-long-mem/datasets/ego4d/sources/paper.html
datasets/rmbench/sources/official_home.html,rmbench / official home,source,rmbench,file:///mnt/workspace/private/ztsong/day-long-mem/datasets/rmbench/sources/official_home.html
datasets/rmbench/sources/paper.html,rmbench / paper,source,rmbench,file:///mnt/workspace/private/ztsong/day-long-mem/datasets/rmbench/sources/paper.html
datasets/robodojo/sources/official_home.html,robodojo / official home,source,robodojo,file:///mnt/workspace/private/ztsong/day-long-mem/datasets/robodojo/sources/official_home.html
datasets/robodojo/sources/paper.html,robodojo / paper,source,robodojo,file:///mnt/workspace/private/ztsong/day-long-mem/datasets/robodojo/sources/paper.html
