path,participant,day,duration_seconds,fps,width,height,size_bytes,bytes_fetched,source_url
EyeTracking/A1_JAKE/DAY1/DAY1_A1_JAKE_12183000.mp4,A1_JAKE,DAY1,30.0,20.0,640,240,805811,84915,https://huggingface.co/datasets/Wangtwohappy/EgoLife_EyeTracking_EyeGaze/resolve/main/EyeTracking/A1_JAKE/DAY1/DAY1_A1_JAKE_12183000.mp4
EyeTracking/A1_JAKE/DAY1/DAY1_A1_JAKE_17283000.mp4,A1_JAKE,DAY1,30.0,20.0,640,240,894986,108554,https://huggingface.co/datasets/Wangtwohappy/EgoLife_EyeTracking_EyeGaze/resolve/main/EyeTracking/A1_JAKE/DAY1/DAY1_A1_JAKE_17283000.mp4
EyeTracking/A1_JAKE/DAY1/DAY1_A1_JAKE_20053000.mp4,A1_JAKE,DAY1,30.0,20.0,640,240,653615,129327,https://huggingface.co/datasets/Wangtwohappy/EgoLife_EyeTracking_EyeGaze/resolve/main/EyeTracking/A1_JAKE/DAY1/DAY1_A1_JAKE_20053000.mp4
EyeTracking/A1_JAKE/DAY2/DAY2_A1_JAKE_11550000.mp4,A1_JAKE,DAY2,30.0,20.0,640,240,629609,105321,https://huggingface.co/datasets/Wangtwohappy/EgoLife_EyeTracking_EyeGaze/resolve/main/EyeTracking/A1_JAKE/DAY2/DAY2_A1_JAKE_11550000.mp4
EyeTracking/A1_JAKE/DAY2/DAY2_A1_JAKE_16413000.mp4,A1_JAKE,DAY2,30.0,20.0,640,240,693964,104140,https://huggingface.co/datasets/Wangtwohappy/EgoLife_EyeTracking_EyeGaze/resolve/main/EyeTracking/A1_JAKE/DAY2/DAY2_A1_JAKE_16413000.mp4
EyeTracking/A1_JAKE/DAY2/DAY2_A1_JAKE_21213000.mp4,A1_JAKE,DAY2,30.0,20.0,640,240,824763,103867,https://huggingface.co/datasets/Wangtwohappy/EgoLife_EyeTracking_EyeGaze/resolve/main/EyeTracking/A1_JAKE/DAY2/DAY2_A1_JAKE_21213000.mp4
EyeTracking/A1_JAKE/DAY3/DAY3_A1_JAKE_15200000.mp4,A1_JAKE,DAY3,30.0,20.0,640,240,1056704,73664,https://huggingface.co/datasets/Wangtwohappy/EgoLife_EyeTracking_EyeGaze/resolve/main/EyeTracking/A1_JAKE/DAY3/DAY3_A1_JAKE_15200000.mp4
EyeTracking/A1_JAKE/DAY3/DAY3_A1_JAKE_20473000.mp4,A1_JAKE,DAY3,30.0,20.0,640,240,661929,137641,https://huggingface.co/datasets/Wangtwohappy/EgoLife_EyeTracking_EyeGaze/resolve/main/EyeTracking/A1_JAKE/DAY3/DAY3_A1_JAKE_20473000.mp4
EyeTracking/A1_JAKE/DAY4/DAY4_A1_JAKE_12470000.mp4,A1_JAKE,DAY4,30.0,20.0,640,240,882129,95697,https://huggingface.co/datasets/Wangtwohappy/EgoLife_EyeTracking_EyeGaze/resolve/main/EyeTracking/A1_JAKE/DAY4/DAY4_A1_JAKE_12470000.mp4
EyeTracking/A1_JAKE/DAY4/DAY4_A1_JAKE_18333000.mp4,A1_JAKE,DAY4,30.0,20.0,640,240,688225,98401,https://huggingface.co/datasets/Wangtwohappy/EgoLife_EyeTracking_EyeGaze/resolve/main/EyeTracking/A1_JAKE/DAY4/DAY4_A1_JAKE_18333000.mp4
EyeTracking/A1_JAKE/DAY5/DAY5_A1_JAKE_12593000.mp4,A1_JAKE,DAY5,30.0,20.0,640,240,744152,88792,https://huggingface.co/datasets/Wangtwohappy/EgoLife_EyeTracking_EyeGaze/resolve/main/EyeTracking/A1_JAKE/DAY5/DAY5_A1_JAKE_12593000.mp4
EyeTracking/A1_JAKE/DAY5/DAY5_A1_JAKE_20233000.mp4,A1_JAKE,DAY5,30.0,20.0,640,240,830234,109338,https://huggingface.co/datasets/Wangtwohappy/EgoLife_EyeTracking_EyeGaze/resolve/main/EyeTracking/A1_JAKE/DAY5/DAY5_A1_JAKE_20233000.mp4
EyeTracking/A1_JAKE/DAY6/DAY6_A1_JAKE_11183000.mp4,A1_JAKE,DAY6,30.0,20.0,640,240,1146758,98182,https://huggingface.co/datasets/Wangtwohappy/EgoLife_EyeTracking_EyeGaze/resolve/main/EyeTracking/A1_JAKE/DAY6/DAY6_A1_JAKE_11183000.mp4
EyeTracking/A1_JAKE/DAY6/DAY6_A1_JAKE_15580000.mp4,A1_JAKE,DAY6,30.0,20.0,640,240,743016,87656,https://huggingface.co/datasets/Wangtwohappy/EgoLife_EyeTracking_EyeGaze/resolve/main/EyeTracking/A1_JAKE/DAY6/DAY6_A1_JAKE_15580000.mp4
EyeTracking/A1_JAKE/DAY6/DAY6_A1_JAKE_20480000.mp4,A1_JAKE,DAY6,30.0,20.0,640,240,808467,87571,https://huggingface.co/datasets/Wangtwohappy/EgoLife_EyeTracking_EyeGaze/resolve/main/EyeTracking/A1_JAKE/DAY6/DAY6_A1_JAKE_20480000.mp4
EyeTracking/A1_JAKE/DAY7/DAY7_A1_JAKE_12543000.mp4,A1_JAKE,DAY7,30.0,20.0,640,240,777775,122415,https://huggingface.co/datasets/Wangtwohappy/EgoLife_EyeTracking_EyeGaze/resolve/main/EyeTracking/A1_JAKE/DAY7/DAY7_A1_JAKE_12543000.mp4
EyeTracking/A1_JAKE/DAY7/DAY7_A1_JAKE_15213000.mp4,A1_JAKE,DAY7,30.0,20.0,640,240,725950,136126,https://huggingface.co/datasets/Wangtwohappy/EgoLife_EyeTracking_EyeGaze/resolve/main/EyeTracking/A1_JAKE/DAY7/DAY7_A1_JAKE_15213000.mp4
EyeTracking/A1_JAKE/DAY7/DAY7_A1_JAKE_19173000.mp4,A1_JAKE,DAY7,30.0,20.0,640,240,801717,80821,https://huggingface.co/datasets/Wangtwohappy/EgoLife_EyeTracking_EyeGaze/resolve/main/EyeTracking/A1_JAKE/DAY7/DAY7_A1_JAKE_19173000.mp4
EyeTracking/A2_ALICE/DAY1/DAY1_A2_ALICE_12530000.mp4,A2_ALICE,DAY1,30.0,20.0,640,240,508921,115705,https://huggingface.co/datasets/Wangtwohappy/EgoLife_EyeTracking_EyeGaze/resolve/main/EyeTracking/A2_ALICE/DAY1/DAY1_A2_ALICE_12530000.mp4
EyeTracking/A2_ALICE/DAY1/DAY1_A2_ALICE_19223000.mp4,A2_ALICE,DAY1,30.0,20.0,640,240,943876,91908,https://huggingface.co/datasets/Wangtwohappy/EgoLife_EyeTracking_EyeGaze/resolve/main/EyeTracking/A2_ALICE/DAY1/DAY1_A2_ALICE_19223000.mp4
EyeTracking/A2_ALICE/DAY2/DAY2_A2_ALICE_13033000.mp4,A2_ALICE,DAY2,30.0,20.0,640,240,203548,138012,https://huggingface.co/datasets/Wangtwohappy/EgoLife_EyeTracking_EyeGaze/resolve/main/EyeTracking/A2_ALICE/DAY2/DAY2_A2_ALICE_13033000.mp4
EyeTracking/A2_ALICE/DAY2/DAY2_A2_ALICE_21093000.mp4,A2_ALICE,DAY2,30.0,20.0,640,240,814187,93291,https://huggingface.co/datasets/Wangtwohappy/EgoLife_EyeTracking_EyeGaze/resolve/main/EyeTracking/A2_ALICE/DAY2/DAY2_A2_ALICE_21093000.mp4
EyeTracking/A2_ALICE/DAY3/DAY3_A2_ALICE_15273000.mp4,A2_ALICE,DAY3,30.0,20.0,640,240,1015737,98233,https://huggingface.co/datasets/Wangtwohappy/EgoLife_EyeTracking_EyeGaze/resolve/main/EyeTracking/A2_ALICE/DAY3/DAY3_A2_ALICE_15273000.mp4
EyeTracking/A2_ALICE/DAY3/DAY3_A2_ALICE_21060000.mp4,A2_ALICE,DAY3,30.0,20.0,640,240,588662,129910,https://huggingface.co/datasets/Wangtwohappy/EgoLife_EyeTracking_EyeGaze/resolve/main/EyeTracking/A2_ALICE/DAY3/DAY3_A2_ALICE_21060000.mp4
EyeTracking/A2_ALICE/DAY4/DAY4_A2_ALICE_11410000.mp4,A2_ALICE,DAY4,30.0,20.0,640,240,466148,138468,https://huggingface.co/datasets/Wangtwohappy/EgoLife_EyeTracking_EyeGaze/resolve/main/EyeTracking/A2_ALICE/DAY4/DAY4_A2_ALICE_11410000.mp4
EyeTracking/A2_ALICE/DAY4/DAY4_A2_ALICE_13240000.mp4,A2_ALICE,DAY4,30.0,20.0,640,240,610459,86171,https://huggingface.co/datasets/Wangtwohappy/EgoLife_EyeTracking_EyeGaze/resolve/main/EyeTracking/A2_ALICE/DAY4/DAY4_A2_ALICE_13240000.mp4
EyeTracking/A2_ALICE/DAY4/DAY4_A2_ALICE_21333000.mp4,A2_ALICE,DAY4,30.0,20.0,640,240,660295,136007,https://huggingface.co/datasets/Wangtwohappy/EgoLife_EyeTracking_EyeGaze/resolve/main/EyeTracking/A2_ALICE/DAY4/DAY4_A2_ALICE_21333000.mp4
EyeTracking/A2_ALICE/DAY5/DAY5_A2_ALICE_12120000.mp4,A2_ALICE,DAY5,30.0,20.0,640,240,646610,122322,https://huggingface.co/datasets/Wangtwohappy/EgoLife_EyeTracking_EyeGaze/resolve/main/EyeTracking/A2_ALICE/DAY5/DAY5_A2_ALICE_12120000.mp4
EyeTracking/A2_ALICE/DAY5/DAY5_A2_ALICE_18090000.mp4,A2_ALICE,DAY5,30.0,20.0,640,240,670231,80407,https://huggingface.co/datasets/Wangtwohappy/EgoLife_EyeTracking_EyeGaze/resolve/main/EyeTracking/A2_ALICE/DAY5/DAY5_A2_ALICE_18090000.mp4
EyeTracking/A2_ALICE/DAY5/DAY5_A2_ALICE_20070000.mp4,A2_ALICE,DAY5,30.0,20.0,640,240,616439,92151,https://huggingface.co/datasets/Wangtwohappy/EgoLife_EyeTracking_EyeGaze/resolve/main/EyeTracking/A2_ALICE/DAY5/DAY5_A2_ALICE_20070000.mp4
EyeTracking/A2_ALICE/DAY6/DAY6_A2_ALICE_12200000.mp4,A2_ALICE,DAY6,30.0,20.0,640,240,709509,119685,https://huggingface.co/datasets/Wangtwohappy/EgoLife_EyeTracking_EyeGaze/resolve/main/EyeTracking/A2_ALICE/DAY6/DAY6_A2_ALICE_12200000.mp4
EyeTracking/A2_ALICE/DAY6/DAY6_A2_ALICE_19180000.mp4,A2_ALICE,DAY6,30.0,20.0,640,240,823175,102279,https://huggingface.co/datasets/Wangtwohappy/EgoLife_EyeTracking_EyeGaze/resolve/main/EyeTracking/A2_ALICE/DAY6/DAY6_A2_ALICE_19180000.mp4
EyeTracking/A2_ALICE/DAY7/DAY7_A2_ALICE_13213000.mp4,A2_ALICE,DAY7,30.0,20.0,640,240,619373,95085,https://huggingface.co/datasets/Wangtwohappy/EgoLife_EyeTracking_EyeGaze/resolve/main/EyeTracking/A2_ALICE/DAY7/DAY7_A2_ALICE_13213000.mp4
EyeTracking/A2_ALICE/DAY7/DAY7_A2_ALICE_18133000.mp4,A2_ALICE,DAY7,30.0,20.0,640,240,905624,119192,https://huggingface.co/datasets/Wangtwohappy/EgoLife_EyeTracking_EyeGaze/resolve/main/EyeTracking/A2_ALICE/DAY7/DAY7_A2_ALICE_18133000.mp4
EyeTracking/A3_TASHA/DAY1/DAY1_A3_TASHA_12453000.mp4,A3_TASHA,DAY1,30.0,20.0,640,240,501973,108757,https://huggingface.co/datasets/Wangtwohappy/EgoLife_EyeTracking_EyeGaze/resolve/main/EyeTracking/A3_TASHA/DAY1/DAY1_A3_TASHA_12453000.mp4
EyeTracking/A3_TASHA/DAY1/DAY1_A3_TASHA_19093000.mp4,A3_TASHA,DAY1,30.0,20.0,640,240,582560,123808,https://huggingface.co/datasets/Wangtwohappy/EgoLife_EyeTracking_EyeGaze/resolve/main/EyeTracking/A3_TASHA/DAY1/DAY1_A3_TASHA_19093000.mp4
EyeTracking/A3_TASHA/DAY2/DAY2_A3_TASHA_11423000.mp4,A3_TASHA,DAY2,30.0,20.0,640,240,501928,108712,https://huggingface.co/datasets/Wangtwohappy/EgoLife_EyeTracking_EyeGaze/resolve/main/EyeTracking/A3_TASHA/DAY2/DAY2_A3_TASHA_11423000.mp4
EyeTracking/A3_TASHA/DAY2/DAY2_A3_TASHA_16550000.mp4,A3_TASHA,DAY2,30.0,20.0,640,240,594311,135559,https://huggingface.co/datasets/Wangtwohappy/EgoLife_EyeTracking_EyeGaze/resolve/main/EyeTracking/A3_TASHA/DAY2/DAY2_A3_TASHA_16550000.mp4
EyeTracking/A3_TASHA/DAY2/DAY2_A3_TASHA_21213000.mp4,A3_TASHA,DAY2,30.0,20.0,640,240,388811,126667,https://huggingface.co/datasets/Wangtwohappy/EgoLife_EyeTracking_EyeGaze/resolve/main/EyeTracking/A3_TASHA/DAY2/DAY2_A3_TASHA_21213000.mp4
EyeTracking/A3_TASHA/DAY3/DAY3_A3_TASHA_12410000.mp4,A3_TASHA,DAY3,9.25,20.0,640,240,157465,91929,https://huggingface.co/datasets/Wangtwohappy/EgoLife_EyeTracking_EyeGaze/resolve/main/EyeTracking/A3_TASHA/DAY3/DAY3_A3_TASHA_12410000.mp4
EyeTracking/A3_TASHA/DAY3/DAY3_A3_TASHA_16483000.mp4,A3_TASHA,DAY3,30.0,20.0,640,240,479189,85973,https://huggingface.co/datasets/Wangtwohappy/EgoLife_EyeTracking_EyeGaze/resolve/main/EyeTracking/A3_TASHA/DAY3/DAY3_A3_TASHA_16483000.mp4
EyeTracking/A3_TASHA/DAY3/DAY3_A3_TASHA_21010000.mp4,A3_TASHA,DAY3,30.0,20.0,640,240,330584,133976,https://huggingface.co/datasets/Wangtwohappy/EgoLife_EyeTracking_EyeGaze/resolve/main/EyeTracking/A3_TASHA/DAY3/DAY3_A3_TASHA_21010000.mp4
EyeTracking/A3_TASHA/DAY4/DAY4_A3_TASHA_12593000.mp4,A3_TASHA,DAY4,30.0,20.0,640,240,560605,101853,https://huggingface.co/datasets/Wangtwohappy/EgoLife_EyeTracking_EyeGaze/resolve/main/EyeTracking/A3_TASHA/DAY4/DAY4_A3_TASHA_12593000.mp4
EyeTracking/A3_TASHA/DAY4/DAY4_A3_TASHA_18363000.mp4,A3_TASHA,DAY4,30.0,20.0,640,240,468237,75021,https://huggingface.co/datasets/Wangtwohappy/EgoLife_EyeTracking_EyeGaze/resolve/main/EyeTracking/A3_TASHA/DAY4/DAY4_A3_TASHA_18363000.mp4
EyeTracking/A3_TASHA/DAY5/DAY5_A3_TASHA_15130000.mp4,A3_TASHA,DAY5,30.0,20.0,640,240,1025726,108222,https://huggingface.co/datasets/Wangtwohappy/EgoLife_EyeTracking_EyeGaze/resolve/main/EyeTracking/A3_TASHA/DAY5/DAY5_A3_TASHA_15130000.mp4
EyeTracking/A3_TASHA/DAY5/DAY5_A3_TASHA_19100000.mp4,A3_TASHA,DAY5,30.0,20.0,640,240,622892,98604,https://huggingface.co/datasets/Wangtwohappy/EgoLife_EyeTracking_EyeGaze/resolve/main/EyeTracking/A3_TASHA/DAY5/DAY5_A3_TASHA_19100000.mp4
EyeTracking/A3_TASHA/DAY6/DAY6_A3_TASHA_12040000.mp4,A3_TASHA,DAY6,30.0,20.0,640,240,1017214,99710,https://huggingface.co/datasets/Wangtwohappy/EgoLife_EyeTracking_EyeGaze/resolve/main/EyeTracking/A3_TASHA/DAY6/DAY6_A3_TASHA_12040000.mp4
EyeTracking/A3_TASHA/DAY6/DAY6_A3_TASHA_17483000.mp4,A3_TASHA,DAY6,30.0,20.0,640,240,553062,94310,https://huggingface.co/datasets/Wangtwohappy/EgoLife_EyeTracking_EyeGaze/resolve/main/EyeTracking/A3_TASHA/DAY6/DAY6_A3_TASHA_17483000.mp4
EyeTracking/A3_TASHA/DAY7/DAY7_A3_TASHA_12360000.mp4,A3_TASHA,DAY7,30.0,20.0,640,240,190381,124845,https://huggingface.co/datasets/Wangtwohappy/EgoLife_EyeTracking_EyeGaze/resolve/main/EyeTracking/A3_TASHA/DAY7/DAY7_A3_TASHA_12360000.mp4
EyeTracking/A3_TASHA/DAY7/DAY7_A3_TASHA_14173000.mp4,A3_TASHA,DAY7,30.0,20.0,640,240,463084,135404,https://huggingface.co/datasets/Wangtwohappy/EgoLife_EyeTracking_EyeGaze/resolve/main/EyeTracking/A3_TASHA/DAY7/DAY7_A3_TASHA_14173000.mp4
EyeTracking/A3_TASHA/DAY7/DAY7_A3_TASHA_18030000.mp4,A3_TASHA,DAY7,30.0,20.0,640,240,497196,103980,https://huggingface.co/datasets/Wangtwohappy/EgoLife_EyeTracking_EyeGaze/resolve/main/EyeTracking/A3_TASHA/DAY7/DAY7_A3_TASHA_18030000.mp4
EyeTracking/A4_LUCIA/DAY1/DAY1_A4_LUCIA_12163000.mp4,A4_LUCIA,DAY1,30.0,20.0,640,240,795028,74132,https://huggingface.co/datasets/Wangtwohappy/EgoLife_EyeTracking_EyeGaze/resolve/main/EyeTracking/A4_LUCIA/DAY1/DAY1_A4_LUCIA_12163000.mp4
EyeTracking/A4_LUCIA/DAY1/DAY1_A4_LUCIA_17240000.mp4,A4_LUCIA,DAY1,30.0,20.0,640,240,769286,113926,https://huggingface.co/datasets/Wangtwohappy/EgoLife_EyeTracking_EyeGaze/resolve/main/EyeTracking/A4_LUCIA/DAY1/DAY1_A4_LUCIA_17240000.mp4
EyeTracking/A4_LUCIA/DAY1/DAY1_A4_LUCIA_19580000.mp4,A4_LUCIA,DAY1,30.0,20.0,640,240,697922,108098,https://huggingface.co/datasets/Wangtwohappy/EgoLife_EyeTracking_EyeGaze/resolve/main/EyeTracking/A4_LUCIA/DAY1/DAY1_A4_LUCIA_19580000.mp4
EyeTracking/A4_LUCIA/DAY2/DAY2_A4_LUCIA_13033000.mp4,A4_LUCIA,DAY2,30.0,20.0,640,240,939803,87835,https://huggingface.co/datasets/Wangtwohappy/EgoLife_EyeTracking_EyeGaze/resolve/main/EyeTracking/A4_LUCIA/DAY2/DAY2_A4_LUCIA_13033000.mp4
EyeTracking/A4_LUCIA/DAY2/DAY2_A4_LUCIA_21173000.mp4,A4_LUCIA,DAY2,30.0,20.0,640,240,809213,88317,https://huggingface.co/datasets/Wangtwohappy/EgoLife_EyeTracking_EyeGaze/resolve/main/EyeTracking/A4_LUCIA/DAY2/DAY2_A4_LUCIA_21173000.mp4
EyeTracking/A4_LUCIA/DAY3/DAY3_A4_LUCIA_15273000.mp4,A4_LUCIA,DAY3,30.0,20.0,640,240,942540,90572,https://huggingface.co/datasets/Wangtwohappy/EgoLife_EyeTracking_EyeGaze/resolve/main/EyeTracking/A4_LUCIA/DAY3/DAY3_A4_LUCIA_15273000.mp4
EyeTracking/A4_LUCIA/DAY3/DAY3_A4_LUCIA_21040000.mp4,A4_LUCIA,DAY3,30.0,20.0,640,240,749285,93925,https://huggingface.co/datasets/Wangtwohappy/EgoLife_EyeTracking_EyeGaze/resolve/main/EyeTracking/A4_LUCIA/DAY3/DAY3_A4_LUCIA_21040000.mp4
EyeTracking/A4_LUCIA/DAY4/DAY4_A4_LUCIA_13313000.mp4,A4_LUCIA,DAY4,30.0,20.0,640,240,719014,129190,https://huggingface.co/datasets/Wangtwohappy/EgoLife_EyeTracking_EyeGaze/resolve/main/EyeTracking/A4_LUCIA/DAY4/DAY4_A4_LUCIA_13313000.mp4
EyeTracking/A4_LUCIA/DAY4/DAY4_A4_LUCIA_18083000.mp4,A4_LUCIA,DAY4,30.0,20.0,640,240,467299,74083,https://huggingface.co/datasets/Wangtwohappy/EgoLife_EyeTracking_EyeGaze/resolve/main/EyeTracking/A4_LUCIA/DAY4/DAY4_A4_LUCIA_18083000.mp4
EyeTracking/A4_LUCIA/DAY5/DAY5_A4_LUCIA_12350000.mp4,A4_LUCIA,DAY5,30.0,20.0,640,240,876826,90394,https://huggingface.co/datasets/Wangtwohappy/EgoLife_EyeTracking_EyeGaze/resolve/main/EyeTracking/A4_LUCIA/DAY5/DAY5_A4_LUCIA_12350000.mp4
EyeTracking/A4_LUCIA/DAY5/DAY5_A4_LUCIA_18190000.mp4,A4_LUCIA,DAY5,30.0,20.0,640,240,808371,87475,https://huggingface.co/datasets/Wangtwohappy/EgoLife_EyeTracking_EyeGaze/resolve/main/EyeTracking/A4_LUCIA/DAY5/DAY5_A4_LUCIA_18190000.mp4
EyeTracking/A4_LUCIA/DAY5/DAY5_A4_LUCIA_20180000.mp4,A4_LUCIA,DAY5,30.0,20.0,640,240,924013,137581,https://huggingface.co/datasets/Wangtwohappy/EgoLife_EyeTracking_EyeGaze/resolve/main/EyeTracking/A4_LUCIA/DAY5/DAY5_A4_LUCIA_20180000.mp4
EyeTracking/A4_LUCIA/DAY6/DAY6_A4_LUCIA_11573000.mp4,A4_LUCIA,DAY6,29.95,20.0,640,240,613109,88821,https://huggingface.co/datasets/Wangtwohappy/EgoLife_EyeTracking_EyeGaze/resolve/main/EyeTracking/A4_LUCIA/DAY6/DAY6_A4_LUCIA_11573000.mp4
EyeTracking/A4_LUCIA/DAY6/DAY6_A4_LUCIA_16000000.mp4,A4_LUCIA,DAY6,30.0,20.0,640,240,942340,90372,https://huggingface.co/datasets/Wangtwohappy/EgoLife_EyeTracking_EyeGaze/resolve/main/EyeTracking/A4_LUCIA/DAY6/DAY6_A4_LUCIA_16000000.mp4
EyeTracking/A4_LUCIA/DAY6/DAY6_A4_LUCIA_20050000.mp4,A4_LUCIA,DAY6,30.0,20.0,640,240,809548,88652,https://huggingface.co/datasets/Wangtwohappy/EgoLife_EyeTracking_EyeGaze/resolve/main/EyeTracking/A4_LUCIA/DAY6/DAY6_A4_LUCIA_20050000.mp4
EyeTracking/A4_LUCIA/DAY7/DAY7_A4_LUCIA_14003000.mp4,A4_LUCIA,DAY7,30.0,20.0,640,240,991055,73551,https://huggingface.co/datasets/Wangtwohappy/EgoLife_EyeTracking_EyeGaze/resolve/main/EyeTracking/A4_LUCIA/DAY7/DAY7_A4_LUCIA_14003000.mp4
EyeTracking/A4_LUCIA/DAY7/DAY7_A4_LUCIA_17570000.mp4,A4_LUCIA,DAY7,30.0,20.0,640,240,1068600,85560,https://huggingface.co/datasets/Wangtwohappy/EgoLife_EyeTracking_EyeGaze/resolve/main/EyeTracking/A4_LUCIA/DAY7/DAY7_A4_LUCIA_17570000.mp4
EyeTracking/A5_KATRINA/DAY1/DAY1_A5_KATRINA_12440000.mp4,A5_KATRINA,DAY1,30.0,20.0,640,240,579800,121048,https://huggingface.co/datasets/Wangtwohappy/EgoLife_EyeTracking_EyeGaze/resolve/main/EyeTracking/A5_KATRINA/DAY1/DAY1_A5_KATRINA_12440000.mp4
EyeTracking/A5_KATRINA/DAY1/DAY1_A5_KATRINA_19403000.mp4,A5_KATRINA,DAY1,30.0,20.0,640,240,673217,83393,https://huggingface.co/datasets/Wangtwohappy/EgoLife_EyeTracking_EyeGaze/resolve/main/EyeTracking/A5_KATRINA/DAY1/DAY1_A5_KATRINA_19403000.mp4
EyeTracking/A5_KATRINA/DAY2/DAY2_A5_KATRINA_12070000.mp4,A5_KATRINA,DAY2,30.0,20.0,640,240,565272,106520,https://huggingface.co/datasets/Wangtwohappy/EgoLife_EyeTracking_EyeGaze/resolve/main/EyeTracking/A5_KATRINA/DAY2/DAY2_A5_KATRINA_12070000.mp4
EyeTracking/A5_KATRINA/DAY2/DAY2_A5_KATRINA_20580000.mp4,A5_KATRINA,DAY2,30.0,20.0,640,240,482925,89709,https://huggingface.co/datasets/Wangtwohappy/EgoLife_EyeTracking_EyeGaze/resolve/main/EyeTracking/A5_KATRINA/DAY2/DAY2_A5_KATRINA_20580000.mp4
EyeTracking/A5_KATRINA/DAY3/DAY3_A5_KATRINA_12340000.mp4,A5_KATRINA,DAY3,30.0,20.0,640,240,509253,116037,https://huggingface.co/datasets/Wangtwohappy/EgoLife_EyeTracking_EyeGaze/resolve/main/EyeTracking/A5_KATRINA/DAY3/DAY3_A5_KATRINA_12340000.mp4
EyeTracking/A5_KATRINA/DAY3/DAY3_A5_KATRINA_17090000.mp4,A5_KATRINA,DAY3,30.0,20.0,640,240,623473,99185,https://huggingface.co/datasets/Wangtwohappy/EgoLife_EyeTracking_EyeGaze/resolve/main/EyeTracking/A5_KATRINA/DAY3/DAY3_A5_KATRINA_17090000.mp4
EyeTracking/A5_KATRINA/DAY3/DAY3_A5_KATRINA_21203000.mp4,A5_KATRINA,DAY3,30.0,20.0,640,240,531010,137794,https://huggingface.co/datasets/Wangtwohappy/EgoLife_EyeTracking_EyeGaze/resolve/main/EyeTracking/A5_KATRINA/DAY3/DAY3_A5_KATRINA_21203000.mp4
EyeTracking/A5_KATRINA/DAY4/DAY4_A5_KATRINA_12050000.mp4,A5_KATRINA,DAY4,30.0,20.0,640,240,465463,137783,https://huggingface.co/datasets/Wangtwohappy/EgoLife_EyeTracking_EyeGaze/resolve/main/EyeTracking/A5_KATRINA/DAY4/DAY4_A5_KATRINA_12050000.mp4
EyeTracking/A5_KATRINA/DAY4/DAY4_A5_KATRINA_15580000.mp4,A5_KATRINA,DAY4,30.0,20.0,640,240,620562,96274,https://huggingface.co/datasets/Wangtwohappy/EgoLife_EyeTracking_EyeGaze/resolve/main/EyeTracking/A5_KATRINA/DAY4/DAY4_A5_KATRINA_15580000.mp4
EyeTracking/A5_KATRINA/DAY4/DAY4_A5_KATRINA_21223000.mp4,A5_KATRINA,DAY4,30.0,20.0,640,240,496924,103708,https://huggingface.co/datasets/Wangtwohappy/EgoLife_EyeTracking_EyeGaze/resolve/main/EyeTracking/A5_KATRINA/DAY4/DAY4_A5_KATRINA_21223000.mp4
EyeTracking/A5_KATRINA/DAY5/DAY5_A5_KATRINA_15060000.mp4,A5_KATRINA,DAY5,30.0,20.0,640,240,724559,134735,https://huggingface.co/datasets/Wangtwohappy/EgoLife_EyeTracking_EyeGaze/resolve/main/EyeTracking/A5_KATRINA/DAY5/DAY5_A5_KATRINA_15060000.mp4
EyeTracking/A5_KATRINA/DAY5/DAY5_A5_KATRINA_20170000.mp4,A5_KATRINA,DAY5,30.0,20.0,640,240,597470,138718,https://huggingface.co/datasets/Wangtwohappy/EgoLife_EyeTracking_EyeGaze/resolve/main/EyeTracking/A5_KATRINA/DAY5/DAY5_A5_KATRINA_20170000.mp4
EyeTracking/A5_KATRINA/DAY6/DAY6_A5_KATRINA_13260000.mp4,A5_KATRINA,DAY6,30.0,20.0,640,240,592229,133477,https://huggingface.co/datasets/Wangtwohappy/EgoLife_EyeTracking_EyeGaze/resolve/main/EyeTracking/A5_KATRINA/DAY6/DAY6_A5_KATRINA_13260000.mp4
EyeTracking/A5_KATRINA/DAY6/DAY6_A5_KATRINA_19483000.mp4,A5_KATRINA,DAY6,30.0,20.0,640,240,537105,78353,https://huggingface.co/datasets/Wangtwohappy/EgoLife_EyeTracking_EyeGaze/resolve/main/EyeTracking/A5_KATRINA/DAY6/DAY6_A5_KATRINA_19483000.mp4
EyeTracking/A5_KATRINA/DAY7/DAY7_A5_KATRINA_12463000.mp4,A5_KATRINA,DAY7,30.0,20.0,640,240,740035,84675,https://huggingface.co/datasets/Wangtwohappy/EgoLife_EyeTracking_EyeGaze/resolve/main/EyeTracking/A5_KATRINA/DAY7/DAY7_A5_KATRINA_12463000.mp4
EyeTracking/A5_KATRINA/DAY7/DAY7_A5_KATRINA_17480000.mp4,A5_KATRINA,DAY7,30.0,20.0,640,240,489325,96109,https://huggingface.co/datasets/Wangtwohappy/EgoLife_EyeTracking_EyeGaze/resolve/main/EyeTracking/A5_KATRINA/DAY7/DAY7_A5_KATRINA_17480000.mp4
EyeTracking/A6_SHURE/DAY1/DAY1_A6_SHURE_12120000.mp4,A6_SHURE,DAY1,30.0,20.0,640,240,554128,95376,https://huggingface.co/datasets/Wangtwohappy/EgoLife_EyeTracking_EyeGaze/resolve/main/EyeTracking/A6_SHURE/DAY1/DAY1_A6_SHURE_12120000.mp4
EyeTracking/A6_SHURE/DAY1/DAY1_A6_SHURE_14173000.mp4,A6_SHURE,DAY1,30.0,20.0,640,240,977923,125955,https://huggingface.co/datasets/Wangtwohappy/EgoLife_EyeTracking_EyeGaze/resolve/main/EyeTracking/A6_SHURE/DAY1/DAY1_A6_SHURE_14173000.mp4
EyeTracking/A6_SHURE/DAY1/DAY1_A6_SHURE_21070000.mp4,A6_SHURE,DAY1,30.0,20.0,640,240,697376,107552,https://huggingface.co/datasets/Wangtwohappy/EgoLife_EyeTracking_EyeGaze/resolve/main/EyeTracking/A6_SHURE/DAY1/DAY1_A6_SHURE_21070000.mp4
EyeTracking/A6_SHURE/DAY2/DAY2_A6_SHURE_16110000.mp4,A6_SHURE,DAY2,30.0,20.0,640,240,750928,95568,https://huggingface.co/datasets/Wangtwohappy/EgoLife_EyeTracking_EyeGaze/resolve/main/EyeTracking/A6_SHURE/DAY2/DAY2_A6_SHURE_16110000.mp4
EyeTracking/A6_SHURE/DAY2/DAY2_A6_SHURE_17423000.mp4,A6_SHURE,DAY2,30.0,20.0,640,240,578742,119990,https://huggingface.co/datasets/Wangtwohappy/EgoLife_EyeTracking_EyeGaze/resolve/main/EyeTracking/A6_SHURE/DAY2/DAY2_A6_SHURE_17423000.mp4
EyeTracking/A6_SHURE/DAY2/DAY2_A6_SHURE_21473000.mp4,A6_SHURE,DAY2,30.0,20.0,640,240,632443,108155,https://huggingface.co/datasets/Wangtwohappy/EgoLife_EyeTracking_EyeGaze/resolve/main/EyeTracking/A6_SHURE/DAY2/DAY2_A6_SHURE_21473000.mp4
EyeTracking/A6_SHURE/DAY3/DAY3_A6_SHURE_15240000.mp4,A6_SHURE,DAY3,30.0,20.0,640,240,1398037,87317,https://huggingface.co/datasets/Wangtwohappy/EgoLife_EyeTracking_EyeGaze/resolve/main/EyeTracking/A6_SHURE/DAY3/DAY3_A6_SHURE_15240000.mp4
EyeTracking/A6_SHURE/DAY3/DAY3_A6_SHURE_20403000.mp4,A6_SHURE,DAY3,30.0,20.0,640,240,800631,79735,https://huggingface.co/datasets/Wangtwohappy/EgoLife_EyeTracking_EyeGaze/resolve/main/EyeTracking/A6_SHURE/DAY3/DAY3_A6_SHURE_20403000.mp4
EyeTracking/A6_SHURE/DAY4/DAY4_A6_SHURE_12523000.mp4,A6_SHURE,DAY4,30.0,20.0,640,240,301702,105094,https://huggingface.co/datasets/Wangtwohappy/EgoLife_EyeTracking_EyeGaze/resolve/main/EyeTracking/A6_SHURE/DAY4/DAY4_A6_SHURE_12523000.mp4
EyeTracking/A6_SHURE/DAY4/DAY4_A6_SHURE_18563000.mp4,A6_SHURE,DAY4,30.0,20.0,640,240,744279,88919,https://huggingface.co/datasets/Wangtwohappy/EgoLife_EyeTracking_EyeGaze/resolve/main/EyeTracking/A6_SHURE/DAY4/DAY4_A6_SHURE_18563000.mp4
EyeTracking/A6_SHURE/DAY5/DAY5_A6_SHURE_12500000.mp4,A6_SHURE,DAY5,30.0,20.0,640,240,488812,95596,https://huggingface.co/datasets/Wangtwohappy/EgoLife_EyeTracking_EyeGaze/resolve/main/EyeTracking/A6_SHURE/DAY5/DAY5_A6_SHURE_12500000.mp4
EyeTracking/A6_SHURE/DAY5/DAY5_A6_SHURE_19483000.mp4,A6_SHURE,DAY5,30.0,20.0,640,240,672768,82944,https://huggingface.co/datasets/Wangtwohappy/EgoLife_EyeTracking_EyeGaze/resolve/main/EyeTracking/A6_SHURE/DAY5/DAY5_A6_SHURE_19483000.mp4
EyeTracking/A6_SHURE/DAY6/DAY6_A6_SHURE_12260000.mp4,A6_SHURE,DAY6,30.0,20.0,640,240,665444,75620,https://huggingface.co/datasets/Wangtwohappy/EgoLife_EyeTracking_EyeGaze/resolve/main/EyeTracking/A6_SHURE/DAY6/DAY6_A6_SHURE_12260000.mp4
EyeTracking/A6_SHURE/DAY6/DAY6_A6_SHURE_19380000.mp4,A6_SHURE,DAY6,30.0,20.0,640,240,663168,73344,https://huggingface.co/datasets/Wangtwohappy/EgoLife_EyeTracking_EyeGaze/resolve/main/EyeTracking/A6_SHURE/DAY6/DAY6_A6_SHURE_19380000.mp4
EyeTracking/A6_SHURE/DAY7/DAY7_A6_SHURE_11470000.mp4,A6_SHURE,DAY7,30.0,20.0,640,240,530264,137048,https://huggingface.co/datasets/Wangtwohappy/EgoLife_EyeTracking_EyeGaze/resolve/main/EyeTracking/A6_SHURE/DAY7/DAY7_A6_SHURE_11470000.mp4
EyeTracking/A6_SHURE/DAY7/DAY7_A6_SHURE_13503000.mp4,A6_SHURE,DAY7,30.0,20.0,640,240,734407,79047,https://huggingface.co/datasets/Wangtwohappy/EgoLife_EyeTracking_EyeGaze/resolve/main/EyeTracking/A6_SHURE/DAY7/DAY7_A6_SHURE_13503000.mp4
