id,kind,demo,view,duration_seconds,fps,width,height,size_bytes,url
demo1_blur_middle_1,home_individual_view,demo1_blur,middle,131.2,30.0,720,720,8325135,https://egolife-ai.github.io/videos/demo1_blur/middle_grid_1.mp4
demo1_blur_middle_2,home_individual_view,demo1_blur,middle,131.2,30.0,720,720,6938213,https://egolife-ai.github.io/videos/demo1_blur/middle_grid_2.mp4
demo1_blur_middle_3,home_individual_view,demo1_blur,middle,131.2,30.0,720,720,6548414,https://egolife-ai.github.io/videos/demo1_blur/middle_grid_3.mp4
demo1_blur_middle_4,home_individual_view,demo1_blur,middle,131.2,30.0,720,720,7570702,https://egolife-ai.github.io/videos/demo1_blur/middle_grid_4.mp4
demo1_blur_middle_5,home_individual_view,demo1_blur,middle,131.2,30.0,720,720,6698667,https://egolife-ai.github.io/videos/demo1_blur/middle_grid_5.mp4
demo1_blur_middle_6,home_individual_view,demo1_blur,middle,131.2,30.0,720,720,7851098,https://egolife-ai.github.io/videos/demo1_blur/middle_grid_6.mp4
demo1_blur_middle_section,home_composite_view,demo1_blur,middle,120.0,20.0,528,352,6653980,https://egolife-ai.github.io/videos/demo1_blur/middle_section.mp4
demo1_blur_bottom_1,home_individual_view,demo1_blur,bottom,131.2,30.0,720,406,2705908,https://egolife-ai.github.io/videos/demo1_blur/bottom_grid_1.mp4
demo1_blur_bottom_2,home_individual_view,demo1_blur,bottom,131.2,30.0,720,406,2396458,https://egolife-ai.github.io/videos/demo1_blur/bottom_grid_2.mp4
demo1_blur_bottom_3,home_individual_view,demo1_blur,bottom,131.2,30.0,720,406,3171244,https://egolife-ai.github.io/videos/demo1_blur/bottom_grid_3.mp4
demo1_blur_bottom_4,home_individual_view,demo1_blur,bottom,131.2,30.0,720,406,2765469,https://egolife-ai.github.io/videos/demo1_blur/bottom_grid_4.mp4
demo1_blur_bottom_6,home_individual_view,demo1_blur,bottom,131.2,30.0,720,406,1469260,https://egolife-ai.github.io/videos/demo1_blur/bottom_grid_6.mp4
demo1_blur_bottom_7,home_individual_view,demo1_blur,bottom,131.2,30.0,720,406,1946633,https://egolife-ai.github.io/videos/demo1_blur/bottom_grid_7.mp4
demo1_blur_bottom_8,home_individual_view,demo1_blur,bottom,131.2,30.0,720,406,3393324,https://egolife-ai.github.io/videos/demo1_blur/bottom_grid_8.mp4
demo1_blur_bottom_9,home_individual_view,demo1_blur,bottom,131.2,30.0,720,406,1828481,https://egolife-ai.github.io/videos/demo1_blur/bottom_grid_9.mp4
demo1_blur_bottom_section,home_composite_view,demo1_blur,bottom,120.1,20.0,576,324,3945454,https://egolife-ai.github.io/videos/demo1_blur/bottom_section.mp4
demo1_blur_top_1,home_individual_view,demo1_blur,top,131.2,30.0,720,406,1480465,https://egolife-ai.github.io/videos/demo1_blur/top_grid_1.mp4
demo1_blur_top_2,home_individual_view,demo1_blur,top,131.2,30.0,720,406,140016,https://egolife-ai.github.io/videos/demo1_blur/top_grid_2.mp4
demo1_blur_top_3,home_individual_view,demo1_blur,top,131.2,30.0,720,406,1449063,https://egolife-ai.github.io/videos/demo1_blur/top_grid_3.mp4
demo1_blur_top_4,home_individual_view,demo1_blur,top,131.2,30.0,720,406,1359428,https://egolife-ai.github.io/videos/demo1_blur/top_grid_4.mp4
demo1_blur_top_6,home_individual_view,demo1_blur,top,131.2,30.0,720,406,1115660,https://egolife-ai.github.io/videos/demo1_blur/top_grid_6.mp4
demo1_blur_top_7,home_individual_view,demo1_blur,top,131.2,30.0,720,406,1226597,https://egolife-ai.github.io/videos/demo1_blur/top_grid_7.mp4
demo1_blur_top_8,home_individual_view,demo1_blur,top,131.2,30.0,720,406,1318400,https://egolife-ai.github.io/videos/demo1_blur/top_grid_8.mp4
demo1_blur_top_section,home_composite_view,demo1_blur,top,120.1,20.0,576,324,2467476,https://egolife-ai.github.io/videos/demo1_blur/top_section.mp4
demo2_blur_middle_1,home_individual_view,demo2_blur,middle,71.1,30.0,720,720,3661365,https://egolife-ai.github.io/videos/demo2_blur/middle_grid_1.mp4
demo2_blur_middle_2,home_individual_view,demo2_blur,middle,71.1,30.0,720,720,4664820,https://egolife-ai.github.io/videos/demo2_blur/middle_grid_2.mp4
demo2_blur_middle_3,home_individual_view,demo2_blur,middle,71.1,30.0,720,720,4796324,https://egolife-ai.github.io/videos/demo2_blur/middle_grid_3.mp4
demo2_blur_middle_4,home_individual_view,demo2_blur,middle,71.1,30.0,720,720,4563769,https://egolife-ai.github.io/videos/demo2_blur/middle_grid_4.mp4
demo2_blur_middle_5,home_individual_view,demo2_blur,middle,71.1,30.0,720,720,3106864,https://egolife-ai.github.io/videos/demo2_blur/middle_grid_5.mp4
demo2_blur_middle_6,home_individual_view,demo2_blur,middle,71.1,30.0,720,720,5358639,https://egolife-ai.github.io/videos/demo2_blur/middle_grid_6.mp4
demo2_blur_middle_section,home_composite_view,demo2_blur,middle,71.1,30.0,720,480,4982090,https://egolife-ai.github.io/videos/demo2_blur/middle_section.mp4
demo2_blur_bottom_1,home_individual_view,demo2_blur,bottom,71.1,30.0,720,406,927741,https://egolife-ai.github.io/videos/demo2_blur/bottom_grid_1.mp4
demo2_blur_bottom_2,home_individual_view,demo2_blur,bottom,71.1,30.0,720,406,912624,https://egolife-ai.github.io/videos/demo2_blur/bottom_grid_2.mp4
demo2_blur_bottom_3,home_individual_view,demo2_blur,bottom,71.1,30.0,720,406,1513706,https://egolife-ai.github.io/videos/demo2_blur/bottom_grid_3.mp4
demo2_blur_bottom_4,home_individual_view,demo2_blur,bottom,71.1,30.0,720,406,1354189,https://egolife-ai.github.io/videos/demo2_blur/bottom_grid_4.mp4
demo2_blur_bottom_6,home_individual_view,demo2_blur,bottom,71.1,30.0,720,406,786077,https://egolife-ai.github.io/videos/demo2_blur/bottom_grid_6.mp4
demo2_blur_bottom_7,home_individual_view,demo2_blur,bottom,71.1,30.0,720,406,872837,https://egolife-ai.github.io/videos/demo2_blur/bottom_grid_7.mp4
demo2_blur_bottom_8,home_individual_view,demo2_blur,bottom,71.1,30.0,720,406,1123573,https://egolife-ai.github.io/videos/demo2_blur/bottom_grid_8.mp4
demo2_blur_bottom_9,home_individual_view,demo2_blur,bottom,71.1,30.0,720,406,1130894,https://egolife-ai.github.io/videos/demo2_blur/bottom_grid_9.mp4
demo2_blur_bottom_section,home_composite_view,demo2_blur,bottom,71.1,30.0,720,406,1320520,https://egolife-ai.github.io/videos/demo2_blur/bottom_section.mp4
demo2_blur_top_1,home_individual_view,demo2_blur,top,71.1,30.0,720,406,1552408,https://egolife-ai.github.io/videos/demo2_blur/top_grid_1.mp4
demo2_blur_top_2,home_individual_view,demo2_blur,top,71.1,30.0,720,406,87537,https://egolife-ai.github.io/videos/demo2_blur/top_grid_2.mp4
demo2_blur_top_3,home_individual_view,demo2_blur,top,71.1,30.0,720,406,1991724,https://egolife-ai.github.io/videos/demo2_blur/top_grid_3.mp4
demo2_blur_top_4,home_individual_view,demo2_blur,top,71.1,30.0,720,406,1458636,https://egolife-ai.github.io/videos/demo2_blur/top_grid_4.mp4
demo2_blur_top_6,home_individual_view,demo2_blur,top,71.1,30.0,720,406,1554516,https://egolife-ai.github.io/videos/demo2_blur/top_grid_6.mp4
demo2_blur_top_7,home_individual_view,demo2_blur,top,71.1,30.0,720,406,2126036,https://egolife-ai.github.io/videos/demo2_blur/top_grid_7.mp4
demo2_blur_top_8,home_individual_view,demo2_blur,top,71.1,30.0,720,406,1282798,https://egolife-ai.github.io/videos/demo2_blur/top_grid_8.mp4
demo2_blur_top_section,home_composite_view,demo2_blur,top,71.1,30.0,720,406,1709111,https://egolife-ai.github.io/videos/demo2_blur/top_section.mp4
blog_trailer_0224_compress,blog_demo,blog,blog,110.96666666666667,30.0,1920,1080,41228457,https://egolife-ai.github.io/blog/static/videos/trailer_0224_compress.mp4
blog_timesync,blog_demo,blog,blog,10.0,30.0,1800,1080,18700301,https://egolife-ai.github.io/blog/static/videos/timesync.mp4
blog_DAY3_A6_SHURE_14553000,blog_demo,blog,blog,30.0,20.0,1408,1408,15798176,https://egolife-ai.github.io/blog/static/videos/DAY3_A6_SHURE_14553000.mp4
EntityLog,blog_qa_example,blog,blog,9.066666666666666,30.0,1920,1080,7774717,https://egolife-ai.github.io/blog/static/videos/%E5%AE%9E%E4%BD%93%E6%97%A5%E5%BF%97%E7%89%87%E6%AE%B5.mp4
EventRecall,blog_qa_example,blog,blog,9.1,30.0,1920,1080,7900186,https://egolife-ai.github.io/blog/static/videos/%E4%BA%8B%E4%BB%B6%E5%9B%9E%E5%BF%86%E7%89%87%E6%AE%B5.mp4
TaskMaster,blog_qa_example,blog,blog,8.966666666666667,30.0,1920,1080,7578952,https://egolife-ai.github.io/blog/static/videos/%E4%BB%BB%E5%8A%A1%E7%AE%A1%E7%90%86%E7%89%87%E6%AE%B5.mp4
RelationMap,blog_qa_example,blog,blog,12.233333333333333,30.0,1920,1080,10946843,https://egolife-ai.github.io/blog/static/videos/%E5%85%B3%E7%B3%BB%E7%BD%91%E7%BB%9C%E7%89%87%E6%AE%B5.mp4
HabitInsight,blog_qa_example,blog,blog,8.866666666666667,30.0,1920,1080,7572412,https://egolife-ai.github.io/blog/static/videos/%E4%B9%A0%E6%83%AF%E6%B4%9E%E5%AF%9F%E7%89%87%E6%AE%B5.mp4
blog_egogpt_demo,blog_demo,blog,blog,27.5,30.0,2082,1080,31953990,https://egolife-ai.github.io/blog/static/videos/egogpt_demo.mp4
