video_id,participant,duration_seconds,duration_source,source_url,youtube_url,md5,size_bytes
P01-20240202-110250,P01,396.266667,official HD_EPIC_YouTube_URLs.csv,https://data.bris.ac.uk/datasets/3cqb5b81wk2dc2379fx1mrxh47/Videos/P01/P01-20240202-110250.mp4,https://youtu.be/YZo1sqXp5U0,c981eab775c96858da313acef769b014,
P01-20240202-161354,P01,327.6,official HD_EPIC_YouTube_URLs.csv,https://data.bris.ac.uk/datasets/3cqb5b81wk2dc2379fx1mrxh47/Videos/P01/P01-20240202-161354.mp4,https://youtu.be/iJpqrt4Uefc,a13e897ebcb918b2b22b79df2b89dc02,
P01-20240202-161948,P01,769.6,official HD_EPIC_YouTube_URLs.csv,https://data.bris.ac.uk/datasets/3cqb5b81wk2dc2379fx1mrxh47/Videos/P01/P01-20240202-161948.mp4,https://youtu.be/I3ldXPd_d2g,2188da10085eefb06728714964b22558,
P01-20240202-171220,P01,513.0,official HD_EPIC_YouTube_URLs.csv,https://data.bris.ac.uk/datasets/3cqb5b81wk2dc2379fx1mrxh47/Videos/P01/P01-20240202-171220.mp4,https://youtu.be/Q_h1jmcIBAw,30b134f5f0b410bfa18c06099e8a0914,
P01-20240202-175627,P01,201.733333,official HD_EPIC_YouTube_URLs.csv,https://data.bris.ac.uk/datasets/3cqb5b81wk2dc2379fx1mrxh47/Videos/P01/P01-20240202-175627.mp4,https://youtu.be/Epjp1Isub4Q,f96e1dfc750ffb1c25e15fa51162f7be,
P01-20240202-195538,P01,537.433333,official HD_EPIC_YouTube_URLs.csv,https://data.bris.ac.uk/datasets/3cqb5b81wk2dc2379fx1mrxh47/Videos/P01/P01-20240202-195538.mp4,https://youtu.be/1faxLHsp5ZI,83493f38ba7effd64c221df7a6388d7b,
P01-20240203-093333,P01,173.333333,official HD_EPIC_YouTube_URLs.csv,https://data.bris.ac.uk/datasets/3cqb5b81wk2dc2379fx1mrxh47/Videos/P01/P01-20240203-093333.mp4,https://youtu.be/Do_CbEBOFro,b04706c8763216f98207eef121627eb2,
P01-20240203-121517,P01,473.133333,official HD_EPIC_YouTube_URLs.csv,https://data.bris.ac.uk/datasets/3cqb5b81wk2dc2379fx1mrxh47/Videos/P01/P01-20240203-121517.mp4,https://youtu.be/ozyqTW4FLFQ,2eefaf6dfec5a7ed710645ba0c3382ea,
P01-20240203-123350,P01,1753.833333,official HD_EPIC_YouTube_URLs.csv,https://data.bris.ac.uk/datasets/3cqb5b81wk2dc2379fx1mrxh47/Videos/P01/P01-20240203-123350.mp4,https://youtu.be/x4STmay8sKI,bd3c95e17b16561fb336444eb25a5255,
P01-20240203-130505,P01,828.7,official HD_EPIC_YouTube_URLs.csv,https://data.bris.ac.uk/datasets/3cqb5b81wk2dc2379fx1mrxh47/Videos/P01/P01-20240203-130505.mp4,https://youtu.be/HdDyqiLzT6g,f2401ec59f161bee658112811e5f2ab9,
P01-20240203-132119,P01,1125.133333,official HD_EPIC_YouTube_URLs.csv,https://data.bris.ac.uk/datasets/3cqb5b81wk2dc2379fx1mrxh47/Videos/P01/P01-20240203-132119.mp4,https://youtu.be/PenWS6LTzDU,19f79800a40d7d9efa804902fc366153,
P01-20240203-135502,P01,2520.0,official HD_EPIC_YouTube_URLs.csv,https://data.bris.ac.uk/datasets/3cqb5b81wk2dc2379fx1mrxh47/Videos/P01/P01-20240203-135502.mp4,https://youtu.be/xR7ypKh8GUg,d8f291feffe7cca88f507398202e8fff,
P01-20240203-150506,P01,708.7,official HD_EPIC_YouTube_URLs.csv,https://data.bris.ac.uk/datasets/3cqb5b81wk2dc2379fx1mrxh47/Videos/P01/P01-20240203-150506.mp4,https://youtu.be/pgKE1TA8yKM,9eac803f64cf96c9fe5bf61952ef8a41,
P01-20240203-152323,P01,139.966667,official HD_EPIC_YouTube_URLs.csv,https://data.bris.ac.uk/datasets/3cqb5b81wk2dc2379fx1mrxh47/Videos/P01/P01-20240203-152323.mp4,https://youtu.be/_iElNa-jFDE,938ed663441235aaa669c61ae9153ae9,
P01-20240203-152956,P01,176.2,official HD_EPIC_YouTube_URLs.csv,https://data.bris.ac.uk/datasets/3cqb5b81wk2dc2379fx1mrxh47/Videos/P01/P01-20240203-152956.mp4,https://youtu.be/kRWcAuVKtqc,1b097df6ac3ca69d8786db6e927b0115,
P01-20240203-161757,P01,241.433333,official HD_EPIC_YouTube_URLs.csv,https://data.bris.ac.uk/datasets/3cqb5b81wk2dc2379fx1mrxh47/Videos/P01/P01-20240203-161757.mp4,https://youtu.be/wC7ZmDtzrl4,8e5cb82f23605df6ea65f509f0dd6057,
P01-20240203-184045,P01,52.833333,official HD_EPIC_YouTube_URLs.csv,https://data.bris.ac.uk/datasets/3cqb5b81wk2dc2379fx1mrxh47/Videos/P01/P01-20240203-184045.mp4,https://youtu.be/5nW8ksVP5yE,ad322e2a651638b1217da16909fc759d,
P01-20240203-184214,P01,1328.7,official HD_EPIC_YouTube_URLs.csv,https://data.bris.ac.uk/datasets/3cqb5b81wk2dc2379fx1mrxh47/Videos/P01/P01-20240203-184214.mp4,https://youtu.be/VFn2ir7RtAw,beb49e4c10cee39c88853892b4623c64,
P01-20240204-095114,P01,165.533333,official HD_EPIC_YouTube_URLs.csv,https://data.bris.ac.uk/datasets/3cqb5b81wk2dc2379fx1mrxh47/Videos/P01/P01-20240204-095114.mp4,https://youtu.be/rSLV5Qx9l9s,86282cc1db0a576d91c1a6d694cd138d,
P01-20240204-120411,P01,234.8,official HD_EPIC_YouTube_URLs.csv,https://data.bris.ac.uk/datasets/3cqb5b81wk2dc2379fx1mrxh47/Videos/P01/P01-20240204-120411.mp4,https://youtu.be/ora_fTZr00A,38dd0356bc05accc2027da2170bc7884,
P01-20240204-121042,P01,1525.9,official HD_EPIC_YouTube_URLs.csv,https://data.bris.ac.uk/datasets/3cqb5b81wk2dc2379fx1mrxh47/Videos/P01/P01-20240204-121042.mp4,https://youtu.be/7JqcpAM4EXU,43cb3ca56c10f7c09f220913e6fe9702,
P01-20240204-124504,P01,88.633333,official HD_EPIC_YouTube_URLs.csv,https://data.bris.ac.uk/datasets/3cqb5b81wk2dc2379fx1mrxh47/Videos/P01/P01-20240204-124504.mp4,https://youtu.be/1PDw8lZvUpY,0f67dc87609f0a24720cb7ff68d279bb,
P01-20240204-130448,P01,509.233333,official HD_EPIC_YouTube_URLs.csv,https://data.bris.ac.uk/datasets/3cqb5b81wk2dc2379fx1mrxh47/Videos/P01/P01-20240204-130448.mp4,https://youtu.be/06EGRDGFB64,0a33943cba292d44171da1f79b903cc2,
P01-20240204-142301,P01,1859.7,official HD_EPIC_YouTube_URLs.csv,https://data.bris.ac.uk/datasets/3cqb5b81wk2dc2379fx1mrxh47/Videos/P01/P01-20240204-142301.mp4,https://youtu.be/09xxxPUCdUc,67195d3b45421120d325e9ec35363bf5,
P01-20240204-145458,P01,1088.533333,official HD_EPIC_YouTube_URLs.csv,https://data.bris.ac.uk/datasets/3cqb5b81wk2dc2379fx1mrxh47/Videos/P01/P01-20240204-145458.mp4,https://youtu.be/dVGiDRrddg4,3d498fab336747cf6f689514c8d56634,
P01-20240204-152537,P01,445.8,official HD_EPIC_YouTube_URLs.csv,https://data.bris.ac.uk/datasets/3cqb5b81wk2dc2379fx1mrxh47/Videos/P01/P01-20240204-152537.mp4,https://youtu.be/0wakJgxehI4,a72e2494608f08fb89c6b830a0284604,
P01-20240204-160230,P01,132.766667,official HD_EPIC_YouTube_URLs.csv,https://data.bris.ac.uk/datasets/3cqb5b81wk2dc2379fx1mrxh47/Videos/P01/P01-20240204-160230.mp4,https://youtu.be/qtPElCGYMHo,7ffe066ecde8f6feb3b9630de20a7b7e,
P02-20240209-184316,P02,1787.966667,official HD_EPIC_YouTube_URLs.csv,https://data.bris.ac.uk/datasets/3cqb5b81wk2dc2379fx1mrxh47/Videos/P02/P02-20240209-184316.mp4,https://youtu.be/ClT-r2qMfDQ,6f6bac80805510bdad3cc1046eca076e,
P02-20240209-194141,P02,924.466667,official HD_EPIC_YouTube_URLs.csv,https://data.bris.ac.uk/datasets/3cqb5b81wk2dc2379fx1mrxh47/Videos/P02/P02-20240209-194141.mp4,https://youtu.be/QLMFiW0bm1Q,19ae25134147e5df644b24acea6bc854,
P02-20240209-231412,P02,32.3,official HD_EPIC_YouTube_URLs.csv,https://data.bris.ac.uk/datasets/3cqb5b81wk2dc2379fx1mrxh47/Videos/P02/P02-20240209-231412.mp4,https://youtu.be/UYaRHCakTsU,138b34ead5ea64a57ad4658d907ef14b,
P02-20240210-092616,P02,45.8,official HD_EPIC_YouTube_URLs.csv,https://data.bris.ac.uk/datasets/3cqb5b81wk2dc2379fx1mrxh47/Videos/P02/P02-20240210-092616.mp4,https://youtu.be/DExH8Rq-bsk,e86c0eb846f70f2b10c1aeaddf3bbd51,
P02-20240210-100308,P02,215.0,official HD_EPIC_YouTube_URLs.csv,https://data.bris.ac.uk/datasets/3cqb5b81wk2dc2379fx1mrxh47/Videos/P02/P02-20240210-100308.mp4,https://youtu.be/8CgNOtu6rPA,2550e53e4487a2209d7d9e069dd47fec,
P02-20240210-100930,P02,9.7,official HD_EPIC_YouTube_URLs.csv,https://data.bris.ac.uk/datasets/3cqb5b81wk2dc2379fx1mrxh47/Videos/P02/P02-20240210-100930.mp4,https://youtu.be/aAbljb1FnWY,904769b3a7417f46ca60a8f011e5ad6c,
P02-20240210-113925,P02,815.033333,official HD_EPIC_YouTube_URLs.csv,https://data.bris.ac.uk/datasets/3cqb5b81wk2dc2379fx1mrxh47/Videos/P02/P02-20240210-113925.mp4,https://youtu.be/DuFatpo2zck,6c5db8fc4c8b625f31313f1377286a23,
P02-20240210-122334,P02,539.166667,official HD_EPIC_YouTube_URLs.csv,https://data.bris.ac.uk/datasets/3cqb5b81wk2dc2379fx1mrxh47/Videos/P02/P02-20240210-122334.mp4,https://youtu.be/d6cer_Y681U,cd3c1f9a4d4b5ca4b42b52f421dbf91a,
P02-20240210-195833,P02,225.333333,official HD_EPIC_YouTube_URLs.csv,https://data.bris.ac.uk/datasets/3cqb5b81wk2dc2379fx1mrxh47/Videos/P02/P02-20240210-195833.mp4,https://youtu.be/TS3XE9sALg8,2125500b251b64bb3f815735b9b6af31,
P02-20240210-220650,P02,47.633333,official HD_EPIC_YouTube_URLs.csv,https://data.bris.ac.uk/datasets/3cqb5b81wk2dc2379fx1mrxh47/Videos/P02/P02-20240210-220650.mp4,https://youtu.be/EMGDuShuAaw,58b326b308783cfcdf328af9bc8f5aa5,
P02-20240211-100250,P02,349.766667,official HD_EPIC_YouTube_URLs.csv,https://data.bris.ac.uk/datasets/3cqb5b81wk2dc2379fx1mrxh47/Videos/P02/P02-20240211-100250.mp4,https://youtu.be/jlYpItmfW3k,d9873785a361d58d752723648c315540,
P02-20240211-104948,P02,321.566667,official HD_EPIC_YouTube_URLs.csv,https://data.bris.ac.uk/datasets/3cqb5b81wk2dc2379fx1mrxh47/Videos/P02/P02-20240211-104948.mp4,https://youtu.be/RJK891ZzCIk,3aac69b7ee1a71c8a517d5a006785da7,
P02-20240211-111219,P02,270.866667,official HD_EPIC_YouTube_URLs.csv,https://data.bris.ac.uk/datasets/3cqb5b81wk2dc2379fx1mrxh47/Videos/P02/P02-20240211-111219.mp4,https://youtu.be/zWO833eWfag,323e3828e3593ecb818d7236dd744f76,
P02-20240211-111822,P02,2268.1,official HD_EPIC_YouTube_URLs.csv,https://data.bris.ac.uk/datasets/3cqb5b81wk2dc2379fx1mrxh47/Videos/P02/P02-20240211-111822.mp4,https://youtu.be/UsXtkADcLW4,74d285bb81078116350ee2046c512edc,
P02-20240211-115653,P02,648.833333,official HD_EPIC_YouTube_URLs.csv,https://data.bris.ac.uk/datasets/3cqb5b81wk2dc2379fx1mrxh47/Videos/P02/P02-20240211-115653.mp4,https://youtu.be/leeb_8o8mhk,b96fbcd21bd465ff0d389e5c4e115182,
P02-20240211-120927,P02,3116.133333,official HD_EPIC_YouTube_URLs.csv,https://data.bris.ac.uk/datasets/3cqb5b81wk2dc2379fx1mrxh47/Videos/P02/P02-20240211-120927.mp4,https://youtu.be/bwDkI2vZ1Ow,ccdcad080f0a69b159f540bb6b64cfca,
P02-20240211-141313,P02,1511.366667,official HD_EPIC_YouTube_URLs.csv,https://data.bris.ac.uk/datasets/3cqb5b81wk2dc2379fx1mrxh47/Videos/P02/P02-20240211-141313.mp4,https://youtu.be/-nTu0lrK7lg,9775748833373a35e1fffead968828bc,
P02-20240211-175138,P02,1935.833333,official HD_EPIC_YouTube_URLs.csv,https://data.bris.ac.uk/datasets/3cqb5b81wk2dc2379fx1mrxh47/Videos/P02/P02-20240211-175138.mp4,https://youtu.be/MfVeyV6KHxM,6be373b5ed8298c3f359536e48179dcf,
P02-20240211-182630,P02,1417.733333,official HD_EPIC_YouTube_URLs.csv,https://data.bris.ac.uk/datasets/3cqb5b81wk2dc2379fx1mrxh47/Videos/P02/P02-20240211-182630.mp4,https://youtu.be/cP3Ze_zk4jo,b270a5e7ae73c161bb654fd99168ab28,
P03-20240216-084005,P03,1064.2,official HD_EPIC_YouTube_URLs.csv,https://data.bris.ac.uk/datasets/3cqb5b81wk2dc2379fx1mrxh47/Videos/P03/P03-20240216-084005.mp4,https://youtu.be/3VDExSVPRAM,98ff8ae07f35781c407a6bdc8f9fcefb,
P03-20240216-090759,P03,497.733333,official HD_EPIC_YouTube_URLs.csv,https://data.bris.ac.uk/datasets/3cqb5b81wk2dc2379fx1mrxh47/Videos/P03/P03-20240216-090759.mp4,https://youtu.be/xwD05cqaNI8,f54f338f51f40b6919f6a376f8531624,
P03-20240216-185832,P03,4485.133333,official HD_EPIC_YouTube_URLs.csv,https://data.bris.ac.uk/datasets/3cqb5b81wk2dc2379fx1mrxh47/Videos/P03/P03-20240216-185832.mp4,https://youtu.be/oF0kZUetsIc,b3b5b35bc03a466668e2055d674b3530,
P03-20240216-205923,P03,1462.966667,official HD_EPIC_YouTube_URLs.csv,https://data.bris.ac.uk/datasets/3cqb5b81wk2dc2379fx1mrxh47/Videos/P03/P03-20240216-205923.mp4,https://youtu.be/ksIwSq7DgNk,4f52fe4293a37bb1a254592c91d5faae,
P03-20240216-223126,P03,153.8,official HD_EPIC_YouTube_URLs.csv,https://data.bris.ac.uk/datasets/3cqb5b81wk2dc2379fx1mrxh47/Videos/P03/P03-20240216-223126.mp4,https://youtu.be/MgEbPOsjl44,3df303a1fe48078465ce3ea37285f440,
P03-20240217-091657,P03,944.966667,official HD_EPIC_YouTube_URLs.csv,https://data.bris.ac.uk/datasets/3cqb5b81wk2dc2379fx1mrxh47/Videos/P03/P03-20240217-091657.mp4,https://youtu.be/Wvm4Iti3HFg,dd9c66a309e34c44c4fb90e0e3312611,
P03-20240217-094713,P03,161.466667,official HD_EPIC_YouTube_URLs.csv,https://data.bris.ac.uk/datasets/3cqb5b81wk2dc2379fx1mrxh47/Videos/P03/P03-20240217-094713.mp4,https://youtu.be/uIFJOM3to-c,8a27b05ac810fc439d90aa043777008c,
P03-20240217-100448,P03,305.566667,official HD_EPIC_YouTube_URLs.csv,https://data.bris.ac.uk/datasets/3cqb5b81wk2dc2379fx1mrxh47/Videos/P03/P03-20240217-100448.mp4,https://youtu.be/IGngQdnA7VM,47b86604c4e66c34f484a44fe71770cb,
P03-20240217-130208,P03,129.066667,official HD_EPIC_YouTube_URLs.csv,https://data.bris.ac.uk/datasets/3cqb5b81wk2dc2379fx1mrxh47/Videos/P03/P03-20240217-130208.mp4,https://youtu.be/OxlVOKg9L10,087ff870440b1253d7ae2615d5e0a57d,
P03-20240217-131219,P03,3279.233333,official HD_EPIC_YouTube_URLs.csv,https://data.bris.ac.uk/datasets/3cqb5b81wk2dc2379fx1mrxh47/Videos/P03/P03-20240217-131219.mp4,https://youtu.be/MtANW-VHeLc,c5b2eec913c434153b7140533a8b7007,
P03-20240217-150310,P03,910.6,official HD_EPIC_YouTube_URLs.csv,https://data.bris.ac.uk/datasets/3cqb5b81wk2dc2379fx1mrxh47/Videos/P03/P03-20240217-150310.mp4,https://youtu.be/NOsHm-8Kfe4,5759a88fb90a9d68f80200b5e55de870,
P03-20240217-152152,P03,152.433333,official HD_EPIC_YouTube_URLs.csv,https://data.bris.ac.uk/datasets/3cqb5b81wk2dc2379fx1mrxh47/Videos/P03/P03-20240217-152152.mp4,https://youtu.be/9EVtt2kjg-Y,e95b0888e7f1257b6e1700d5402f658b,
P03-20240217-192543,P03,3379.166667,official HD_EPIC_YouTube_URLs.csv,https://data.bris.ac.uk/datasets/3cqb5b81wk2dc2379fx1mrxh47/Videos/P03/P03-20240217-192543.mp4,https://youtu.be/dPv24tndzU4,a83a14ef7a50eedba6ae41cf95ddbb63,
P03-20240217-210126,P03,185.1,official HD_EPIC_YouTube_URLs.csv,https://data.bris.ac.uk/datasets/3cqb5b81wk2dc2379fx1mrxh47/Videos/P03/P03-20240217-210126.mp4,https://youtu.be/_Oc6EP5-580,f32b46d2c7d7060d5a00e5a6c21b01ab,
P03-20240217-210958,P03,1238.9,official HD_EPIC_YouTube_URLs.csv,https://data.bris.ac.uk/datasets/3cqb5b81wk2dc2379fx1mrxh47/Videos/P03/P03-20240217-210958.mp4,https://youtu.be/b6D-Jx7FSBI,92b974e984520bbd7f5512469c10f592,
P03-20240218-094452,P03,1024.666667,official HD_EPIC_YouTube_URLs.csv,https://data.bris.ac.uk/datasets/3cqb5b81wk2dc2379fx1mrxh47/Videos/P03/P03-20240218-094452.mp4,https://youtu.be/raivW3uuNC8,b868f9b99eaad181b1ed540d08067552,
P03-20240218-101509,P03,296.966667,official HD_EPIC_YouTube_URLs.csv,https://data.bris.ac.uk/datasets/3cqb5b81wk2dc2379fx1mrxh47/Videos/P03/P03-20240218-101509.mp4,https://youtu.be/MlPOnlO7RaM,b256f146fee3b572857f7292a6e68ec5,
P03-20240218-140054,P03,1126.366667,official HD_EPIC_YouTube_URLs.csv,https://data.bris.ac.uk/datasets/3cqb5b81wk2dc2379fx1mrxh47/Videos/P03/P03-20240218-140054.mp4,https://youtu.be/MBRufovHQi8,a8fbce0d52b649c27f8d84ae865e4d20,
P03-20240218-144430,P03,875.733333,official HD_EPIC_YouTube_URLs.csv,https://data.bris.ac.uk/datasets/3cqb5b81wk2dc2379fx1mrxh47/Videos/P03/P03-20240218-144430.mp4,https://youtu.be/I6tkXpYhVdY,131f0d87ac8f42c46fad9f5882498961,
P03-20240218-190556,P03,3232.2,official HD_EPIC_YouTube_URLs.csv,https://data.bris.ac.uk/datasets/3cqb5b81wk2dc2379fx1mrxh47/Videos/P03/P03-20240218-190556.mp4,https://youtu.be/lGKJgPs-Pjk,62bc09df844c729e988d9ba7bb0f7e49,
P03-20240218-202148,P03,845.8,official HD_EPIC_YouTube_URLs.csv,https://data.bris.ac.uk/datasets/3cqb5b81wk2dc2379fx1mrxh47/Videos/P03/P03-20240218-202148.mp4,https://youtu.be/za_p9bd_Vkg,5fe486f2b1bf2a05fa08243a64fd95b9,
P04-20240413-142619,P04,1448.666667,official HD_EPIC_YouTube_URLs.csv,https://data.bris.ac.uk/datasets/3cqb5b81wk2dc2379fx1mrxh47/Videos/P04/P04-20240413-142619.mp4,https://youtu.be/5BkqfOu30Ec,805f252aebe971540a94fc098f785c08,
P04-20240413-145245,P04,1232.966667,official HD_EPIC_YouTube_URLs.csv,https://data.bris.ac.uk/datasets/3cqb5b81wk2dc2379fx1mrxh47/Videos/P04/P04-20240413-145245.mp4,https://youtu.be/eeCKS_CzKzc,ce5d1edeeadc58f8cb937e750a78b60b,
P04-20240413-151722,P04,1248.966667,official HD_EPIC_YouTube_URLs.csv,https://data.bris.ac.uk/datasets/3cqb5b81wk2dc2379fx1mrxh47/Videos/P04/P04-20240413-151722.mp4,https://youtu.be/AS5nT9yMtbo,328c57ba782502e29d550ba9dc7554d4,
P04-20240414-064514,P04,257.333333,official HD_EPIC_YouTube_URLs.csv,https://data.bris.ac.uk/datasets/3cqb5b81wk2dc2379fx1mrxh47/Videos/P04/P04-20240414-064514.mp4,https://youtu.be/bk35JWOogGg,98e3c32d14a5105687f668253887abfc,
P04-20240414-065311,P04,1609.9,official HD_EPIC_YouTube_URLs.csv,https://data.bris.ac.uk/datasets/3cqb5b81wk2dc2379fx1mrxh47/Videos/P04/P04-20240414-065311.mp4,https://youtu.be/JwoPd_13Lko,3d03b63a51f9dc5c661fa81468927ff7,
P04-20240414-072251,P04,1277.4,official HD_EPIC_YouTube_URLs.csv,https://data.bris.ac.uk/datasets/3cqb5b81wk2dc2379fx1mrxh47/Videos/P04/P04-20240414-072251.mp4,https://youtu.be/Xvikr2gIsC4,e0b2c4d9cdee740334cb7a82eb1ad749,
P04-20240414-162242,P04,182.333333,official HD_EPIC_YouTube_URLs.csv,https://data.bris.ac.uk/datasets/3cqb5b81wk2dc2379fx1mrxh47/Videos/P04/P04-20240414-162242.mp4,https://youtu.be/kZTn1gaSf_0,ec58898eb70d713fbdf58bc39eb5cce0,
P04-20240414-162750,P04,1160.733333,official HD_EPIC_YouTube_URLs.csv,https://data.bris.ac.uk/datasets/3cqb5b81wk2dc2379fx1mrxh47/Videos/P04/P04-20240414-162750.mp4,https://youtu.be/hFzaq4tOR0Q,3aacc4526879e2a6e5af22dac5dbe932,
P04-20240414-164751,P04,317.866667,official HD_EPIC_YouTube_URLs.csv,https://data.bris.ac.uk/datasets/3cqb5b81wk2dc2379fx1mrxh47/Videos/P04/P04-20240414-164751.mp4,https://youtu.be/uZF5dt4hptU,dedb5cc755e8b85762c00902cc852c54,
P04-20240414-165333,P04,561.466667,official HD_EPIC_YouTube_URLs.csv,https://data.bris.ac.uk/datasets/3cqb5b81wk2dc2379fx1mrxh47/Videos/P04/P04-20240414-165333.mp4,https://youtu.be/yJBUr83vtX0,d86290ca2a8ee9c099047991e6397a73,
P04-20240414-170520,P04,882.7,official HD_EPIC_YouTube_URLs.csv,https://data.bris.ac.uk/datasets/3cqb5b81wk2dc2379fx1mrxh47/Videos/P04/P04-20240414-170520.mp4,https://youtu.be/S7CG5gIxS5s,f3951f1e860c8bc1ada41b94f8f885c4,
P04-20240414-172534,P04,118.833333,official HD_EPIC_YouTube_URLs.csv,https://data.bris.ac.uk/datasets/3cqb5b81wk2dc2379fx1mrxh47/Videos/P04/P04-20240414-172534.mp4,https://youtu.be/LWMOGzdnZGQ,2c26103b98aacc0d5cab29aa3d7f22be,
P04-20240414-173337,P04,942.233333,official HD_EPIC_YouTube_URLs.csv,https://data.bris.ac.uk/datasets/3cqb5b81wk2dc2379fx1mrxh47/Videos/P04/P04-20240414-173337.mp4,https://youtu.be/0mviwgLRV5o,5cc23cfadd1cef04684b5e464683ca18,
P04-20240414-175337,P04,565.766667,official HD_EPIC_YouTube_URLs.csv,https://data.bris.ac.uk/datasets/3cqb5b81wk2dc2379fx1mrxh47/Videos/P04/P04-20240414-175337.mp4,https://youtu.be/8PS08A42K9Q,5e4fd1ca2fb9a75732a2f7fe32051f22,
P04-20240414-181030,P04,1248.3,official HD_EPIC_YouTube_URLs.csv,https://data.bris.ac.uk/datasets/3cqb5b81wk2dc2379fx1mrxh47/Videos/P04/P04-20240414-181030.mp4,https://youtu.be/3MjTHAjHO4E,fba1695d1d012a5dbe8ac71cd6dedf48,
P04-20240415-175615,P04,918.366667,official HD_EPIC_YouTube_URLs.csv,https://data.bris.ac.uk/datasets/3cqb5b81wk2dc2379fx1mrxh47/Videos/P04/P04-20240415-175615.mp4,https://youtu.be/8otKXM5Kj-k,b92019b99ea03ce3908fd5540adaabc4,
P04-20240415-181212,P04,1612.566667,official HD_EPIC_YouTube_URLs.csv,https://data.bris.ac.uk/datasets/3cqb5b81wk2dc2379fx1mrxh47/Videos/P04/P04-20240415-181212.mp4,https://youtu.be/q2FOi2zBRGI,0bed1a296a16b6d806cc92ac0cefedb6,
P04-20240415-184003,P04,1037.666667,official HD_EPIC_YouTube_URLs.csv,https://data.bris.ac.uk/datasets/3cqb5b81wk2dc2379fx1mrxh47/Videos/P04/P04-20240415-184003.mp4,https://youtu.be/_3uENcOu0Wg,4f2bd7fb5686dcc3a091e3f256bccd50,
P05-20240423-170021,P05,1169.766667,official HD_EPIC_YouTube_URLs.csv,https://data.bris.ac.uk/datasets/3cqb5b81wk2dc2379fx1mrxh47/Videos/P05/P05-20240423-170021.mp4,https://youtu.be/-bfqvpDPins,2bcbd8907ebd848cf14c141ece99cfb9,
P05-20240423-172243,P05,345.8,official HD_EPIC_YouTube_URLs.csv,https://data.bris.ac.uk/datasets/3cqb5b81wk2dc2379fx1mrxh47/Videos/P05/P05-20240423-172243.mp4,https://youtu.be/m7dB1IQPF3s,43edbf3169df77597d6c74ff0c2afdb9,
P05-20240423-175745,P05,101.766667,official HD_EPIC_YouTube_URLs.csv,https://data.bris.ac.uk/datasets/3cqb5b81wk2dc2379fx1mrxh47/Videos/P05/P05-20240423-175745.mp4,https://youtu.be/XkMuNjbOipg,75d02c18bd8f1f544150dc1af3ce1655,
P05-20240423-180529,P05,1171.633333,official HD_EPIC_YouTube_URLs.csv,https://data.bris.ac.uk/datasets/3cqb5b81wk2dc2379fx1mrxh47/Videos/P05/P05-20240423-180529.mp4,https://youtu.be/zGcwmFLaS1E,0c3bb74e90222459e7d23230d7f97184,
P05-20240423-183358,P05,39.3,official HD_EPIC_YouTube_URLs.csv,https://data.bris.ac.uk/datasets/3cqb5b81wk2dc2379fx1mrxh47/Videos/P05/P05-20240423-183358.mp4,https://youtu.be/-ZVsnskCGbI,df0ee975ed6823afe34c818844985009,
P05-20240424-085204,P05,279.1,official HD_EPIC_YouTube_URLs.csv,https://data.bris.ac.uk/datasets/3cqb5b81wk2dc2379fx1mrxh47/Videos/P05/P05-20240424-085204.mp4,https://youtu.be/pcwo46NyzzY,375e9bc2be04a4af7418dc0c6484d310,
P05-20240424-090812,P05,161.8,official HD_EPIC_YouTube_URLs.csv,https://data.bris.ac.uk/datasets/3cqb5b81wk2dc2379fx1mrxh47/Videos/P05/P05-20240424-090812.mp4,https://youtu.be/zcsyxpzE-yY,48202151e823d863f5e5c361915736f9,
P05-20240424-130119,P05,296.2,official HD_EPIC_YouTube_URLs.csv,https://data.bris.ac.uk/datasets/3cqb5b81wk2dc2379fx1mrxh47/Videos/P05/P05-20240424-130119.mp4,https://youtu.be/nOkttredqtQ,d9bd771667797bf0f06a95d7e7bc088f,
P05-20240424-131231,P05,37.0,official HD_EPIC_YouTube_URLs.csv,https://data.bris.ac.uk/datasets/3cqb5b81wk2dc2379fx1mrxh47/Videos/P05/P05-20240424-131231.mp4,https://youtu.be/2XYaMEcHKpE,2816501f24ab025defb6291ae9669e95,
P05-20240424-171038,P05,1313.166667,official HD_EPIC_YouTube_URLs.csv,https://data.bris.ac.uk/datasets/3cqb5b81wk2dc2379fx1mrxh47/Videos/P05/P05-20240424-171038.mp4,https://youtu.be/0LTgW-QWuiY,8ab67931a9ea82f5667cce034d8bccc3,
P05-20240424-175101,P05,534.333333,official HD_EPIC_YouTube_URLs.csv,https://data.bris.ac.uk/datasets/3cqb5b81wk2dc2379fx1mrxh47/Videos/P05/P05-20240424-175101.mp4,https://youtu.be/Au5WmQ9wQis,de214b67e68d373e996674dace9482f6,
P05-20240425-082420,P05,303.5,official HD_EPIC_YouTube_URLs.csv,https://data.bris.ac.uk/datasets/3cqb5b81wk2dc2379fx1mrxh47/Videos/P05/P05-20240425-082420.mp4,https://youtu.be/89k2h5npErg,ad127622d6392224a09c11e612f0736e,
P05-20240425-083515,P05,196.933333,official HD_EPIC_YouTube_URLs.csv,https://data.bris.ac.uk/datasets/3cqb5b81wk2dc2379fx1mrxh47/Videos/P05/P05-20240425-083515.mp4,https://youtu.be/V_SnJ2-AcP0,5fc9d278c5659fcfe1dd2d9784a3a256,
P05-20240425-124420,P05,224.8,official HD_EPIC_YouTube_URLs.csv,https://data.bris.ac.uk/datasets/3cqb5b81wk2dc2379fx1mrxh47/Videos/P05/P05-20240425-124420.mp4,https://youtu.be/0NPJp542W2I,7b6787d7dc43862ff37f221c765d086c,
P05-20240425-125459,P05,28.433333,official HD_EPIC_YouTube_URLs.csv,https://data.bris.ac.uk/datasets/3cqb5b81wk2dc2379fx1mrxh47/Videos/P05/P05-20240425-125459.mp4,https://youtu.be/tNThxcw9T9w,f3ff9adb4048d245a3e4a268bdfa6dca,
P05-20240425-171455,P05,1068.633333,official HD_EPIC_YouTube_URLs.csv,https://data.bris.ac.uk/datasets/3cqb5b81wk2dc2379fx1mrxh47/Videos/P05/P05-20240425-171455.mp4,https://youtu.be/eMeXg-8DVvQ,8bee5cb0820fec6d4f7e32bd7240b9f7,
P05-20240425-173353,P05,642.1,official HD_EPIC_YouTube_URLs.csv,https://data.bris.ac.uk/datasets/3cqb5b81wk2dc2379fx1mrxh47/Videos/P05/P05-20240425-173353.mp4,https://youtu.be/XUpcsJO03YE,91ac8b2483dbbb5b9bf601cc5e16f69d,
P05-20240425-180658,P05,242.133333,official HD_EPIC_YouTube_URLs.csv,https://data.bris.ac.uk/datasets/3cqb5b81wk2dc2379fx1mrxh47/Videos/P05/P05-20240425-180658.mp4,https://youtu.be/EC8u03v6iQM,4fb52741de3baa7c601902cabe09cc26,
P05-20240425-201444,P05,1629.833333,official HD_EPIC_YouTube_URLs.csv,https://data.bris.ac.uk/datasets/3cqb5b81wk2dc2379fx1mrxh47/Videos/P05/P05-20240425-201444.mp4,https://youtu.be/OkF3oJZmVZ8,0055bd7980efbd9b105c83ab758b7499,
P05-20240426-085333,P05,433.333333,official HD_EPIC_YouTube_URLs.csv,https://data.bris.ac.uk/datasets/3cqb5b81wk2dc2379fx1mrxh47/Videos/P05/P05-20240426-085333.mp4,https://youtu.be/YbJ_AKPGnJM,a421f920ffcaa368b7081651f7ccf883,
P05-20240426-091011,P05,113.366667,official HD_EPIC_YouTube_URLs.csv,https://data.bris.ac.uk/datasets/3cqb5b81wk2dc2379fx1mrxh47/Videos/P05/P05-20240426-091011.mp4,https://youtu.be/fmCmCWxgw28,ca187659b26c062a77edcd3866cae576,
P05-20240426-092000,P05,98.666667,official HD_EPIC_YouTube_URLs.csv,https://data.bris.ac.uk/datasets/3cqb5b81wk2dc2379fx1mrxh47/Videos/P05/P05-20240426-092000.mp4,https://youtu.be/r2WbnQj3Klg,0e667d571936923b35637ce509c401cb,
P05-20240427-143353,P05,1252.566667,official HD_EPIC_YouTube_URLs.csv,https://data.bris.ac.uk/datasets/3cqb5b81wk2dc2379fx1mrxh47/Videos/P05/P05-20240427-143353.mp4,https://youtu.be/ne67bnDFy0E,7874cc1b1db59005bb0eea0e465b989c,
P05-20240427-145526,P05,427.066667,official HD_EPIC_YouTube_URLs.csv,https://data.bris.ac.uk/datasets/3cqb5b81wk2dc2379fx1mrxh47/Videos/P05/P05-20240427-145526.mp4,https://youtu.be/2yMGlZU2r0E,8f2be33909a51f48923ad509906379b2,
P05-20240427-150402,P05,184.766667,official HD_EPIC_YouTube_URLs.csv,https://data.bris.ac.uk/datasets/3cqb5b81wk2dc2379fx1mrxh47/Videos/P05/P05-20240427-150402.mp4,https://youtu.be/K5BHJ6f0rXU,3c79f54907c85bbfc686a23bc717e277,
P05-20240427-151808,P05,127.366667,official HD_EPIC_YouTube_URLs.csv,https://data.bris.ac.uk/datasets/3cqb5b81wk2dc2379fx1mrxh47/Videos/P05/P05-20240427-151808.mp4,https://youtu.be/nKtVMp7TW2g,df426d8b9f38d8da7754f005e25a56ec,
P06-20240510-090328,P06,2016.5,official HD_EPIC_YouTube_URLs.csv,https://data.bris.ac.uk/datasets/3cqb5b81wk2dc2379fx1mrxh47/Videos/P06/P06-20240510-090328.mp4,https://youtu.be/fySE6P-hiOg,897d9d5607afb645a6f9071bf564d828,
P06-20240510-094438,P06,200.2,official HD_EPIC_YouTube_URLs.csv,https://data.bris.ac.uk/datasets/3cqb5b81wk2dc2379fx1mrxh47/Videos/P06/P06-20240510-094438.mp4,https://youtu.be/3GWSDWfUoQ0,3d160f36d24798490c3e57ec55f9d909,
P06-20240510-100047,P06,1464.166667,official HD_EPIC_YouTube_URLs.csv,https://data.bris.ac.uk/datasets/3cqb5b81wk2dc2379fx1mrxh47/Videos/P06/P06-20240510-100047.mp4,https://youtu.be/1MthVWI-HDc,e1f2efca58aa5462f2fc4eb5599784bb,
P06-20240510-104642,P06,3169.366667,official HD_EPIC_YouTube_URLs.csv,https://data.bris.ac.uk/datasets/3cqb5b81wk2dc2379fx1mrxh47/Videos/P06/P06-20240510-104642.mp4,https://youtu.be/gmvnmxz0fvg,5fcaa2a7355c5b01ddc0b69f4ffb5a56,
P06-20240510-115307,P06,1112.833333,official HD_EPIC_YouTube_URLs.csv,https://data.bris.ac.uk/datasets/3cqb5b81wk2dc2379fx1mrxh47/Videos/P06/P06-20240510-115307.mp4,https://youtu.be/YrwLEsYui6M,b30b947985af1b5f0c8a324ca88d9f2e,
P06-20240510-121619,P06,1188.466667,official HD_EPIC_YouTube_URLs.csv,https://data.bris.ac.uk/datasets/3cqb5b81wk2dc2379fx1mrxh47/Videos/P06/P06-20240510-121619.mp4,https://youtu.be/MvGcZj_3VvI,bac8a20e034610a509f82b667355614b,
P06-20240510-135423,P06,433.766667,official HD_EPIC_YouTube_URLs.csv,https://data.bris.ac.uk/datasets/3cqb5b81wk2dc2379fx1mrxh47/Videos/P06/P06-20240510-135423.mp4,https://youtu.be/Rs8SozeRBSU,feac9fed47de7b7af9f119c1f0aa3de5,
P06-20240510-140459,P06,1856.733333,official HD_EPIC_YouTube_URLs.csv,https://data.bris.ac.uk/datasets/3cqb5b81wk2dc2379fx1mrxh47/Videos/P06/P06-20240510-140459.mp4,https://youtu.be/xVpNL5CQtHg,d417ae46e51dfdb6960c2f5be0954169,
P06-20240511-102207,P06,2533.233333,official HD_EPIC_YouTube_URLs.csv,https://data.bris.ac.uk/datasets/3cqb5b81wk2dc2379fx1mrxh47/Videos/P06/P06-20240511-102207.mp4,https://youtu.be/CfD8JwSTawk,d4744f5f1e35a8a375412f3d9710e6d3,
P06-20240511-121048,P06,633.5,official HD_EPIC_YouTube_URLs.csv,https://data.bris.ac.uk/datasets/3cqb5b81wk2dc2379fx1mrxh47/Videos/P06/P06-20240511-121048.mp4,https://youtu.be/dRhC716vd68,7d4fc5fb22c8a3d8b9d7f52b8e872a56,
P06-20240511-122221,P06,122.8,official HD_EPIC_YouTube_URLs.csv,https://data.bris.ac.uk/datasets/3cqb5b81wk2dc2379fx1mrxh47/Videos/P06/P06-20240511-122221.mp4,https://youtu.be/XHjyMr158_I,9dff0f38449c81cd48ff5b9ac235aa62,
P07-20240529-102652,P07,931.5,official HD_EPIC_YouTube_URLs.csv,https://data.bris.ac.uk/datasets/3cqb5b81wk2dc2379fx1mrxh47/Videos/P07/P07-20240529-102652.mp4,https://youtu.be/iCfzOA1RaLU,aecba89a3ecff926563e8d66ea0d8ddc,
P07-20240529-131737,P07,607.9,official HD_EPIC_YouTube_URLs.csv,https://data.bris.ac.uk/datasets/3cqb5b81wk2dc2379fx1mrxh47/Videos/P07/P07-20240529-131737.mp4,https://youtu.be/8-xn8-xsllQ,d75dfc005215e4d18516e69ba0466b97,
P07-20240529-134410,P07,1064.033333,official HD_EPIC_YouTube_URLs.csv,https://data.bris.ac.uk/datasets/3cqb5b81wk2dc2379fx1mrxh47/Videos/P07/P07-20240529-134410.mp4,https://youtu.be/Rnmf09yzNAE,78eda329bf486eacd6b3f9944712b8c6,
P07-20240529-191007,P07,1910.833333,official HD_EPIC_YouTube_URLs.csv,https://data.bris.ac.uk/datasets/3cqb5b81wk2dc2379fx1mrxh47/Videos/P07/P07-20240529-191007.mp4,https://youtu.be/ye9LXg30G7w,153ac810f8d2ec71b95f745989d08448,
P07-20240529-194518,P07,1702.366667,official HD_EPIC_YouTube_URLs.csv,https://data.bris.ac.uk/datasets/3cqb5b81wk2dc2379fx1mrxh47/Videos/P07/P07-20240529-194518.mp4,https://youtu.be/5X7RFVul2uo,788e279ca81d4ebb3bfa32713cc0c592,
P07-20240530-102543,P07,2096.9,official HD_EPIC_YouTube_URLs.csv,https://data.bris.ac.uk/datasets/3cqb5b81wk2dc2379fx1mrxh47/Videos/P07/P07-20240530-102543.mp4,https://youtu.be/a6wcjtATIeU,6ec8ff25669fb0a2d2c7e62d59ae91aa,
P07-20240530-111344,P07,159.166667,official HD_EPIC_YouTube_URLs.csv,https://data.bris.ac.uk/datasets/3cqb5b81wk2dc2379fx1mrxh47/Videos/P07/P07-20240530-111344.mp4,https://youtu.be/KMBj0Sq7vZg,b169b652b0eb253c3e39409d003509bd,
P07-20240531-101357,P07,2579.2,official HD_EPIC_YouTube_URLs.csv,https://data.bris.ac.uk/datasets/3cqb5b81wk2dc2379fx1mrxh47/Videos/P07/P07-20240531-101357.mp4,https://youtu.be/zInGsEULHX8,04d4270ac9ca96eb4ed310f39d3ee085,
P07-20240531-201703,P07,1883.566667,official HD_EPIC_YouTube_URLs.csv,https://data.bris.ac.uk/datasets/3cqb5b81wk2dc2379fx1mrxh47/Videos/P07/P07-20240531-201703.mp4,https://youtu.be/1qeKWyfu3qQ,aa376a14fa7f600214b72879081d6a2d,
P08-20240613-122900,P08,198.8,official HD_EPIC_YouTube_URLs.csv,https://data.bris.ac.uk/datasets/3cqb5b81wk2dc2379fx1mrxh47/Videos/P08/P08-20240613-122900.mp4,https://youtu.be/50cGIL39mDk,23aaae13768461558d55161bcab120da,
P08-20240613-123547,P08,1011.933333,official HD_EPIC_YouTube_URLs.csv,https://data.bris.ac.uk/datasets/3cqb5b81wk2dc2379fx1mrxh47/Videos/P08/P08-20240613-123547.mp4,https://youtu.be/F4MzdUd6ClM,d618a25d36f8f6d9eac6e42c36b1b2cf,
P08-20240614-085000,P08,1087.9,official HD_EPIC_YouTube_URLs.csv,https://data.bris.ac.uk/datasets/3cqb5b81wk2dc2379fx1mrxh47/Videos/P08/P08-20240614-085000.mp4,https://youtu.be/SzNR3vEJAYE,4474a8a26ec86c91836bad4f8b3989c9,
P08-20240614-125650,P08,1224.333333,official HD_EPIC_YouTube_URLs.csv,https://data.bris.ac.uk/datasets/3cqb5b81wk2dc2379fx1mrxh47/Videos/P08/P08-20240614-125650.mp4,https://youtu.be/lDstsmGmrlM,ff00cc28e7583e1d8be6e6a63c316b7e,
P08-20240614-132938,P08,158.466667,official HD_EPIC_YouTube_URLs.csv,https://data.bris.ac.uk/datasets/3cqb5b81wk2dc2379fx1mrxh47/Videos/P08/P08-20240614-132938.mp4,https://youtu.be/pI1xR81gZz0,b5c9fa20adea8897fe54258f2ee4e2c7,
P08-20240614-184945,P08,1008.566667,official HD_EPIC_YouTube_URLs.csv,https://data.bris.ac.uk/datasets/3cqb5b81wk2dc2379fx1mrxh47/Videos/P08/P08-20240614-184945.mp4,https://youtu.be/e397Y4grt1k,c80f40455931658019c3c99b9fe52791,
P08-20240617-130401,P08,1993.566667,official HD_EPIC_YouTube_URLs.csv,https://data.bris.ac.uk/datasets/3cqb5b81wk2dc2379fx1mrxh47/Videos/P08/P08-20240617-130401.mp4,https://youtu.be/OstYPS-rZ9g,51847f59c031d313abaf5d65ab009543,
P08-20240617-184909,P08,1872.966667,official HD_EPIC_YouTube_URLs.csv,https://data.bris.ac.uk/datasets/3cqb5b81wk2dc2379fx1mrxh47/Videos/P08/P08-20240617-184909.mp4,https://youtu.be/_OfP5Ypq4XQ,8eaa65ba98b540266fd0755244988eda,
P08-20240618-163547,P08,1978.1,official HD_EPIC_YouTube_URLs.csv,https://data.bris.ac.uk/datasets/3cqb5b81wk2dc2379fx1mrxh47/Videos/P08/P08-20240618-163547.mp4,https://youtu.be/Vf1pbMbVkYA,a8462a4ee599e8f85abab942fafc4ce5,
P08-20240618-171546,P08,1184.533333,official HD_EPIC_YouTube_URLs.csv,https://data.bris.ac.uk/datasets/3cqb5b81wk2dc2379fx1mrxh47/Videos/P08/P08-20240618-171546.mp4,https://youtu.be/_EA6wUp1S-M,57ef636d8c3cd57e4154d5aca388a8bf,
P08-20240620-180825,P08,1690.666667,official HD_EPIC_YouTube_URLs.csv,https://data.bris.ac.uk/datasets/3cqb5b81wk2dc2379fx1mrxh47/Videos/P08/P08-20240620-180825.mp4,https://youtu.be/k6_z-Lvxytk,b9bf532e119a859e30939d13d6cde1f3,
P08-20240622-141902,P08,1119.2,official HD_EPIC_YouTube_URLs.csv,https://data.bris.ac.uk/datasets/3cqb5b81wk2dc2379fx1mrxh47/Videos/P08/P08-20240622-141902.mp4,https://youtu.be/sE68I_7B1sw,e87e76195daaa4d0a2643dddfd433c92,
P09-20240621-093545,P09,2959.933333,official HD_EPIC_YouTube_URLs.csv,https://data.bris.ac.uk/datasets/3cqb5b81wk2dc2379fx1mrxh47/Videos/P09/P09-20240621-093545.mp4,https://youtu.be/UpLFLWsfzaM,678fbb33f7b3d1cd4272b58669d6057c,
P09-20240621-153208,P09,1019.933333,official HD_EPIC_YouTube_URLs.csv,https://data.bris.ac.uk/datasets/3cqb5b81wk2dc2379fx1mrxh47/Videos/P09/P09-20240621-153208.mp4,https://youtu.be/esvILIGB-_g,b5617d395536e892e8fde9f8fab6d4f0,
P09-20240622-150155,P09,2498.533333,official HD_EPIC_YouTube_URLs.csv,https://data.bris.ac.uk/datasets/3cqb5b81wk2dc2379fx1mrxh47/Videos/P09/P09-20240622-150155.mp4,https://youtu.be/it6f1pYx9s4,aba27996eb838a4eeb59f43c38613f32,
P09-20240622-154652,P09,1065.5,official HD_EPIC_YouTube_URLs.csv,https://data.bris.ac.uk/datasets/3cqb5b81wk2dc2379fx1mrxh47/Videos/P09/P09-20240622-154652.mp4,https://youtu.be/BnlhxK1FUY8,1327582573a631a46df72c090a532922,
P09-20240622-162302,P09,1058.4,official HD_EPIC_YouTube_URLs.csv,https://data.bris.ac.uk/datasets/3cqb5b81wk2dc2379fx1mrxh47/Videos/P09/P09-20240622-162302.mp4,https://youtu.be/sEXzejsaR88,04d347cea5c4287a66e3dd55fd1a5568,
P09-20240622-194642,P09,376.766667,official HD_EPIC_YouTube_URLs.csv,https://data.bris.ac.uk/datasets/3cqb5b81wk2dc2379fx1mrxh47/Videos/P09/P09-20240622-194642.mp4,https://youtu.be/DiZu60NkEYk,7472dbb4f26a35d78892c4662e1e56dd,
P09-20240623-120359,P09,3639.966667,official HD_EPIC_YouTube_URLs.csv,https://data.bris.ac.uk/datasets/3cqb5b81wk2dc2379fx1mrxh47/Videos/P09/P09-20240623-120359.mp4,https://youtu.be/8PA9Kdaujm4,fe174866a267269cc6f6a2b2997abe50,
P09-20240623-153253,P09,252.766667,official HD_EPIC_YouTube_URLs.csv,https://data.bris.ac.uk/datasets/3cqb5b81wk2dc2379fx1mrxh47/Videos/P09/P09-20240623-153253.mp4,https://youtu.be/pDG6tW3tA0o,6ef26ca48baab671b033dce57a5dda93,
P09-20240623-153748,P09,299.633333,official HD_EPIC_YouTube_URLs.csv,https://data.bris.ac.uk/datasets/3cqb5b81wk2dc2379fx1mrxh47/Videos/P09/P09-20240623-153748.mp4,https://youtu.be/Rj1oxJgsxYs,5d98e43b8974d4d1922f01faac7080f2,
P09-20240623-154547,P09,35.4,official HD_EPIC_YouTube_URLs.csv,https://data.bris.ac.uk/datasets/3cqb5b81wk2dc2379fx1mrxh47/Videos/P09/P09-20240623-154547.mp4,https://youtu.be/CkvdwVh60Pk,94d712460b1d195abfd31358e6f3565b,
P09-20240624-160737,P09,2155.633333,official HD_EPIC_YouTube_URLs.csv,https://data.bris.ac.uk/datasets/3cqb5b81wk2dc2379fx1mrxh47/Videos/P09/P09-20240624-160737.mp4,https://youtu.be/ooIy3_vTXKw,d230ca01db21fe06fdbe4ab9a06da357,
P09-20240624-165332,P09,1419.8,official HD_EPIC_YouTube_URLs.csv,https://data.bris.ac.uk/datasets/3cqb5b81wk2dc2379fx1mrxh47/Videos/P09/P09-20240624-165332.mp4,https://youtu.be/OhTeD0DY6q4,efeada846cf2ed29a861f024ab77e660,
P09-20240625-103827,P09,161.066667,official HD_EPIC_YouTube_URLs.csv,https://data.bris.ac.uk/datasets/3cqb5b81wk2dc2379fx1mrxh47/Videos/P09/P09-20240625-103827.mp4,https://youtu.be/GOktVMb9pzY,beab2c97dc6b750e9b50540d73f7e70a,
